Agenti--qnWfO_2.js	2026-10-07
Agenti-0lo8rB-U.js	2026-10-07
Agenti-0mIGXYOH.js	2026-10-08
Agenti-4qclHen3.js	2026-10-09
Agenti-50ffCc4c.js	2026-10-08
Agenti-6TxNx1aT.js	2026-10-08
Agenti-B7L4XT5E.js	2026-10-08
Agenti-BHqT6o1Y.js	2026-10-09
Agenti-BLqHpsrQ.js	2026-10-10
Agenti-BNSd1oOf.js	2026-10-07
Agenti-BPM_jERU.js	2026-10-08
Agenti-BPXKc16B.js	2026-10-07
Agenti-BRLCpeu0.js	2026-10-09
Agenti-BUt3d5UP.js	2026-10-08
Agenti-BX07-Hvw.js	2026-10-09
Agenti-B_ls-IR0.js	2026-10-08
Agenti-BbAEszev.js	2026-10-07
Agenti-BcCNYCxL.js	2026-10-09
Agenti-Bf6AC-iG.js	2026-10-07
Agenti-BfEW0IHO.js	2026-10-07
Agenti-BkM-fgdh.js	2026-10-07
Agenti-BllS2kWE.js	2026-10-08
Agenti-BmNJii6t.js	2026-10-09
Agenti-Bo75xdPn.js	2026-10-07
Agenti-Bp9lIlsg.js	2026-10-07
Agenti-Btkt742C.js	2026-10-08
Agenti-BuNFQJck.js	2026-10-07
Agenti-BuX8y7C2.js	2026-10-08
Agenti-Bx0_pVwq.js	2026-10-07
Agenti-BxWHhqTf.js	2026-10-07
Agenti-Bzvo_y2X.js	2026-10-10
Agenti-C12vA7tF.js	2026-10-10
Agenti-C1P3oe-1.js	2026-10-08
Agenti-C2yy64ew.js	2026-10-10
Agenti-C5rqo9me.js	2026-10-07
Agenti-C96rw5PT.js	2026-10-07
Agenti-C9UjwAQ0.js	2026-10-10
Agenti-COPww8oH.js	2026-10-07
Agenti-CQ-yH2TT.js	2026-10-07
Agenti-CS2dGNWe.js	2026-10-07
Agenti-CSCwCvEk.js	2026-10-07
Agenti-CVLQWNCg.js	2026-10-09
Agenti-CVPKMu9X.js	2026-10-09
Agenti-C_1Cv1ya.js	2026-10-07
Agenti-CfnPC70B.js	2026-10-07
Agenti-CgJO8PK9.js	2026-10-08
Agenti-CgiW0gZc.js	2026-10-10
Agenti-CkEz_J-6.js	2026-10-08
Agenti-Cnmb548y.js	2026-10-07
Agenti-Cy-nbtM-.js	2026-10-10
Agenti-D-N35CIz.js	2026-10-07
Agenti-D1dnmjrO.js	2026-10-08
Agenti-D3drKK3W.js	2026-10-07
Agenti-D9ICoOa3.js	2026-10-07
Agenti-D9LNB0ij.js	2026-10-08
Agenti-DGRwVSpf.js	2026-10-09
Agenti-DK8LS0_O.js	2026-10-09
Agenti-DLdT5Why.js	2026-10-07
Agenti-DN89ODdd.js	2026-10-09
Agenti-DPBlQcjF.js	2026-10-07
Agenti-DQMrTvJg.js	2026-10-07
Agenti-DQpQBprq.js	2026-10-07
Agenti-DSL__kc1.js	2026-10-07
Agenti-DUPEGdYi.js	2026-10-07
Agenti-DXW1ypzo.js	2026-10-09
Agenti-DbJwpXKl.js	2026-10-07
Agenti-DcECnf2V.js	2026-10-10
Agenti-DeLFmu7H.js	2026-10-07
Agenti-DgeObYzi.js	2026-10-08
Agenti-Dhja9p9-.js	2026-10-07
Agenti-Dlm0Jf-7.js	2026-10-08
Agenti-DlxjKuR6.js	2026-10-10
Agenti-DpO0sr3_.js	2026-10-08
Agenti-DpPqdgiv.js	2026-10-08
Agenti-DphlLA7b.js	2026-10-07
Agenti-DqEhlgeE.js	2026-10-07
Agenti-DqFjc7B2.js	2026-10-07
Agenti-DqmPtAK8.js	2026-10-10
Agenti-DxcmK24s.js	2026-10-08
Agenti-H9Jr_QsF.js	2026-10-08
Agenti-PteBLtIA.js	2026-10-08
Agenti-QQFndq4P.js	2026-10-07
Agenti-QX2oRAm1.js	2026-10-08
Agenti-QtUAPaDr.js	2026-10-07
Agenti-Xv-LZgbC.js	2026-10-08
Agenti-YllpOOjV.js	2026-10-09
Agenti-YxoCLuih.js	2026-10-07
Agenti-eothXANl.js	2026-10-08
Agenti-i0_h6Tsy.js	2026-10-07
Agenti-jwsq_Yrp.js	2026-10-09
Agenti-lpbTA4pP.js	2026-10-07
Agenti-lwlKuPTc.js	2026-10-08
Agenti-mkrTTTZT.js	2026-10-07
Agenti-mvxTK9SM.js	2026-10-07
Agenti-nTkXweth.js	2026-10-09
Agenti-wOEruqJ3.js	2026-10-07
Agenti-xsDeNa83.js	2026-10-07
Agenti-zKlApcRo.js	2026-10-08
DaFatturare--R_u4c1c.js	2026-10-08
DaFatturare--t903CRz.js	2026-10-07
DaFatturare-0v9gjxFl.js	2026-10-07
DaFatturare-3YZPxr-v.js	2026-10-08
DaFatturare-507p9oP9.js	2026-10-08
DaFatturare-6vyhUTnu.js	2026-10-07
DaFatturare-Au7AFmTQ.js	2026-10-09
DaFatturare-B0u7X2yf.js	2026-10-07
DaFatturare-B7JzgbXM.js	2026-10-10
DaFatturare-B9UhH38G.js	2026-10-07
DaFatturare-BC2IHGTN.js	2026-10-08
DaFatturare-BCJ8n4U0.js	2026-10-07
DaFatturare-BFddnGig.js	2026-10-08
DaFatturare-BGA26Ez8.js	2026-10-07
DaFatturare-BHCZ7ED3.js	2026-10-07
DaFatturare-BJfZDkMR.js	2026-10-09
DaFatturare-BKXHfubO.js	2026-10-09
DaFatturare-BOUN_w6N.js	2026-10-07
DaFatturare-BQiVg0gD.js	2026-10-10
DaFatturare-BSVBHvUg.js	2026-10-07
DaFatturare-BTbD6pod.js	2026-10-07
DaFatturare-BVR6qVI5.js	2026-10-08
DaFatturare-BWPed50P.js	2026-10-09
DaFatturare-BXKA_lQL.js	2026-10-10
DaFatturare-BXp9cBd2.js	2026-10-07
DaFatturare-B_64SXpn.js	2026-10-08
DaFatturare-BbI_y_5R.js	2026-10-09
DaFatturare-BcTP-sOG.js	2026-10-09
DaFatturare-BeaQy0Vt.js	2026-10-09
DaFatturare-BiqKPYxx.js	2026-10-07
DaFatturare-BjFFGRUg.js	2026-10-08
DaFatturare-BlOlYW8M.js	2026-10-08
DaFatturare-BnKYB152.js	2026-10-08
DaFatturare-Bt08L8YM.js	2026-10-08
DaFatturare-Bu73O6OB.js	2026-10-08
DaFatturare-BvHVIJXF.js	2026-10-08
DaFatturare-C1wxmvwt.js	2026-10-07
DaFatturare-C2rPmYOz.js	2026-10-07
DaFatturare-C3wIgjWA.js	2026-10-09
DaFatturare-C4nRSnMb.js	2026-10-07
DaFatturare-C4qxTQKH.js	2026-10-08
DaFatturare-C6zEa9oH.js	2026-10-08
DaFatturare-C7VueGzy.js	2026-10-10
DaFatturare-CDaLXoP3.js	2026-10-07
DaFatturare-CE7r6tkG.js	2026-10-07
DaFatturare-CE8RxWG4.js	2026-10-07
DaFatturare-CG0RhHTR.js	2026-10-08
DaFatturare-CII4RYN0.js	2026-10-08
DaFatturare-CIRNeTNZ.js	2026-10-10
DaFatturare-CRPNG_Oi.js	2026-10-07
DaFatturare-CW6m_6RL.js	2026-10-07
DaFatturare-CW8ITJyn.js	2026-10-09
DaFatturare-CW_6B_X-.js	2026-10-07
DaFatturare-CZMHUp1Y.js	2026-10-08
DaFatturare-C_gVMqK6.js	2026-10-10
DaFatturare-CiTEuzwI.js	2026-10-09
DaFatturare-CzD2y58F.js	2026-10-10
DaFatturare-CzvOkqHt.js	2026-10-10
DaFatturare-D3zsUDCw.js	2026-10-09
DaFatturare-D7k1EbcQ.js	2026-10-07
DaFatturare-DAJdDIXY.js	2026-10-07
DaFatturare-DBXZKmNY.js	2026-10-08
DaFatturare-DDDPnW3a.js	2026-10-10
DaFatturare-DGk_4w1x.js	2026-10-07
DaFatturare-DJ9V8Ezx.js	2026-10-09
DaFatturare-DKM3D_bx.js	2026-10-08
DaFatturare-DOH494hj.js	2026-10-07
DaFatturare-DQJCrF4j.js	2026-10-08
DaFatturare-DVUnoxtj.js	2026-10-08
DaFatturare-DVkGgB8W.js	2026-10-07
DaFatturare-DZVK60si.js	2026-10-07
DaFatturare-DZsOI5MO.js	2026-10-09
DaFatturare-DhYaAiTM.js	2026-10-07
DaFatturare-DjNcbgSx.js	2026-10-07
DaFatturare-DjoJGYiO.js	2026-10-07
DaFatturare-Dp4SAZyF.js	2026-10-07
DaFatturare-Drb-fYPV.js	2026-10-07
DaFatturare-Du1ReDnl.js	2026-10-09
DaFatturare-DvJFCtzg.js	2026-10-07
DaFatturare-Dxp123rF.js	2026-10-07
DaFatturare-Dxy2ds9z.js	2026-10-07
DaFatturare-EooWwyFi.js	2026-10-07
DaFatturare-G0zPDn1a.js	2026-10-10
DaFatturare-H3w7Jgw0.js	2026-10-07
DaFatturare-K0xZr9cZ.js	2026-10-07
DaFatturare-TAsd50i2.js	2026-10-07
DaFatturare-XsTSOFSU.js	2026-10-07
DaFatturare-ZTwoejOh.js	2026-10-08
DaFatturare-dSDSZRq6.js	2026-10-09
DaFatturare-hfGYhqoP.js	2026-10-07
DaFatturare-jR-QSI3A.js	2026-10-07
DaFatturare-lqWAgfYp.js	2026-10-07
DaFatturare-o-xGmYXF.js	2026-10-08
DaFatturare-oSd-Je4X.js	2026-10-08
DaFatturare-ojoo5P2W.js	2026-10-07
DaFatturare-p-L0FbE0.js	2026-10-08
DaFatturare-vPa-GkLI.js	2026-10-07
DaFatturare-w7Eq3lag.js	2026-10-08
DaSistemare--y5la61Z.js	2026-10-09
DaSistemare-2LzDoD2O.js	2026-10-09
DaSistemare-3YNwKkhA.js	2026-10-09
DaSistemare-B2f1aZJ6.js	2026-10-08
DaSistemare-B3DqQW6_.js	2026-10-08
DaSistemare-B3uqQMze.js	2026-10-07
DaSistemare-B7Ets83W.js	2026-10-07
DaSistemare-B83r3T0B.js	2026-10-08
DaSistemare-BCe9w1ep.js	2026-10-09
DaSistemare-BLGZGdsv.js	2026-10-07
DaSistemare-BN-t7Fp7.js	2026-10-07
DaSistemare-BPS7o5Wq.js	2026-10-10
DaSistemare-BQd1ME46.js	2026-10-07
DaSistemare-BZ1RIxtJ.js	2026-10-08
DaSistemare-BcSrecgQ.js	2026-10-07
DaSistemare-BceQ5Xi8.js	2026-10-07
DaSistemare-Be6Xf7__.js	2026-10-07
DaSistemare-Bfovihug.js	2026-10-07
DaSistemare-BhRMb9Cw.js	2026-10-07
DaSistemare-BjmfX9Pl.js	2026-10-07
DaSistemare-BuZfEYb3.js	2026-10-08
DaSistemare-Bv8VJVAK.js	2026-10-09
DaSistemare-C-8BABG8.js	2026-10-08
DaSistemare-C0KE--fW.js	2026-10-10
DaSistemare-C1CF6cro.js	2026-10-10
DaSistemare-C49PqGnF.js	2026-10-07
DaSistemare-C9YWUXru.js	2026-10-08
DaSistemare-CAnwmcKc.js	2026-10-07
DaSistemare-CCZODx6j.js	2026-10-08
DaSistemare-CHUA5kWi.js	2026-10-07
DaSistemare-CHxaEU_w.js	2026-10-07
DaSistemare-CJsgytFe.js	2026-10-07
DaSistemare-CT2NmXD_.js	2026-10-08
DaSistemare-CT6cu7l4.js	2026-10-07
DaSistemare-CUvrVpr7.js	2026-10-10
DaSistemare-C_6WmcG1.js	2026-10-07
DaSistemare-Cct8UCog.js	2026-10-07
DaSistemare-CfK9q799.js	2026-10-07
DaSistemare-Ci_9QxlA.js	2026-10-08
DaSistemare-CjjNNmaI.js	2026-10-08
DaSistemare-CmgGGzmk.js	2026-10-07
DaSistemare-Co4y7_s0.js	2026-10-07
DaSistemare-CoVUN8mm.js	2026-10-07
DaSistemare-CqozCDzX.js	2026-10-07
DaSistemare-CrfIx1Pb.js	2026-10-08
DaSistemare-CrvcQP26.js	2026-10-08
DaSistemare-CtjCP2Lh.js	2026-10-08
DaSistemare-CtyJou1K.js	2026-10-09
DaSistemare-Cwt-H35B.js	2026-10-08
DaSistemare-D-Z0U5wN.js	2026-10-08
DaSistemare-D-l_0KfW.js	2026-10-08
DaSistemare-D0Bwop4q.js	2026-10-09
DaSistemare-D0nCQLXj.js	2026-10-07
DaSistemare-D3DJvFY1.js	2026-10-09
DaSistemare-D8WpDfpe.js	2026-10-07
DaSistemare-D9-3vZ4Y.js	2026-10-10
DaSistemare-D95abSPw.js	2026-10-07
DaSistemare-DDKmJ2rp.js	2026-10-07
DaSistemare-DDRZMFdR.js	2026-10-09
DaSistemare-DDwpI3c4.js	2026-10-09
DaSistemare-DEUZn9IF.js	2026-10-07
DaSistemare-DI2BLgvY.js	2026-10-07
DaSistemare-DI3B6l4z.js	2026-10-07
DaSistemare-DIveBk6z.js	2026-10-08
DaSistemare-DIwtwJiP.js	2026-10-08
DaSistemare-DMK8jiMo.js	2026-10-07
DaSistemare-DMmWFacB.js	2026-10-09
DaSistemare-DNjYu-c_.js	2026-10-07
DaSistemare-DR4RTPQJ.js	2026-10-08
DaSistemare-DW7wSELs.js	2026-10-09
DaSistemare-DWX4FOfZ.js	2026-10-07
DaSistemare-Deyb09hI.js	2026-10-07
DaSistemare-DhFDIwt7.js	2026-10-07
DaSistemare-Dipjs78d.js	2026-10-08
DaSistemare-DkJfALt8.js	2026-10-10
DaSistemare-DnxWaFK5.js	2026-10-07
DaSistemare-DqribHBz.js	2026-10-07
DaSistemare-DsPj0otb.js	2026-10-08
DaSistemare-Duo4E9Ay.js	2026-10-08
DaSistemare-Dv6uMeVU.js	2026-10-07
DaSistemare-DvHenpDt.js	2026-10-07
DaSistemare-DxKkmtly.js	2026-10-10
DaSistemare-EDzcFJsN.js	2026-10-08
DaSistemare-FGyqRVwX.js	2026-10-09
DaSistemare-GBN64lmf.js	2026-10-10
DaSistemare-Mg5GRsKq.js	2026-10-07
DaSistemare-NJCiso2P.js	2026-10-07
DaSistemare-NMBw35EO.js	2026-10-07
DaSistemare-Sj9FFJns.js	2026-10-09
DaSistemare-XuCawvj9.js	2026-10-08
DaSistemare-a-bzAGoe.js	2026-10-08
DaSistemare-dd_aliIt.js	2026-10-10
DaSistemare-ecbQJmme.js	2026-10-07
DaSistemare-ev3FbTCO.js	2026-10-10
DaSistemare-l4PT9FG4.js	2026-10-07
DaSistemare-lG8xnsV8.js	2026-10-08
DaSistemare-zBqJP7y1.js	2026-10-07
DaSistemare-zumu43hz.js	2026-10-09
Direzione-1mpszeRd.js	2026-10-09
Direzione-9KYExBl7.js	2026-10-07
Direzione-B-UhxOqJ.js	2026-10-07
Direzione-B-xk5ASI.js	2026-10-10
Direzione-B0oKctAZ.js	2026-10-07
Direzione-B3t8rSrW.js	2026-10-08
Direzione-BAfdQXdv.js	2026-10-10
Direzione-BEoleYht.js	2026-10-09
Direzione-BHU4UA5j.js	2026-10-07
Direzione-BJiAk9IQ.js	2026-10-08
Direzione-BQONhScm.js	2026-10-10
Direzione-BT1FR38r.js	2026-10-07
Direzione-BV0iCFAY.js	2026-10-09
Direzione-BVZVnsda.js	2026-10-07
Direzione-BWff2dO4.js	2026-10-09
Direzione-BaG6LmBG.js	2026-10-08
Direzione-BbJwamvx.js	2026-10-07
Direzione-BcGOJhKG.js	2026-10-07
Direzione-BfKBYsgs.js	2026-10-07
Direzione-BfvNJCtf.js	2026-10-07
Direzione-BkKcZEav.js	2026-10-09
Direzione-BkPaDp3u.js	2026-10-07
Direzione-BkS_b_Gd.js	2026-10-07
Direzione-BmPH4ceO.js	2026-10-07
Direzione-Bmunjv_I.js	2026-10-07
Direzione-BnE9LVoR.js	2026-10-08
Direzione-ByBVtqvH.js	2026-10-07
Direzione-C2hPWI63.js	2026-10-10
Direzione-C4SpedD-.js	2026-10-08
Direzione-C6p63-Ab.js	2026-10-08
Direzione-CCFZyjvE.js	2026-10-08
Direzione-CGDz-g5H.js	2026-10-10
Direzione-CJPh5Tta.js	2026-10-08
Direzione-CJXEbXOa.js	2026-10-10
Direzione-CK6rjoOZ.js	2026-10-08
Direzione-CKz6_5aE.js	2026-10-08
Direzione-CNrEhdhK.js	2026-10-07
Direzione-CObvk25e.js	2026-10-07
Direzione-CQMpuvNp.js	2026-10-10
Direzione-CUQ-wcTd.js	2026-10-08
Direzione-CZVXc2AI.js	2026-10-07
Direzione-Cb43gmWo.js	2026-10-08
Direzione-Cbo5YKLd.js	2026-10-07
Direzione-CcUo5aV8.js	2026-10-07
Direzione-Cd-M9k-m.js	2026-10-07
Direzione-Ci5Yggsp.js	2026-10-07
Direzione-Cnreg4oH.js	2026-10-07
Direzione-Cpekap-K.js	2026-10-09
Direzione-CtkZ8DFt.js	2026-10-07
Direzione-CvJsfDrM.js	2026-10-07
Direzione-Cvj6-QHT.js	2026-10-07
Direzione-CwpBXg3o.js	2026-10-07
Direzione-CxdG9I0N.js	2026-10-07
Direzione-CzJcQryS.js	2026-10-08
Direzione-D5dGqYbl.js	2026-10-07
Direzione-DA5mgGrS.js	2026-10-07
Direzione-DEFthsQL.js	2026-10-08
Direzione-DGhEY3q_.js	2026-10-07
Direzione-DIdqPQrO.js	2026-10-07
Direzione-DMoZUsOH.js	2026-10-09
Direzione-DMtBPkFq.js	2026-10-07
Direzione-DQvKM9CG.js	2026-10-10
Direzione-DYgZVeVF.js	2026-10-07
Direzione-DZeLxAgB.js	2026-10-07
Direzione-DeLC2XWU.js	2026-10-09
Direzione-DeOIf1sy.js	2026-10-08
Direzione-Dft7Vm8Q.js	2026-10-09
Direzione-Dgu4SG6V.js	2026-10-09
Direzione-DjvKR9CP.js	2026-10-08
Direzione-Dqb1uLgg.js	2026-10-08
Direzione-DqgKd5R5.js	2026-10-07
Direzione-DqnSCqhO.js	2026-10-08
Direzione-DqqYzfgE.js	2026-10-08
Direzione-DtqnXm5Z.js	2026-10-07
Direzione-DueVpOsg.js	2026-10-08
Direzione-DxcuusRA.js	2026-10-09
Direzione-G-pQGmYg.js	2026-10-09
Direzione-J5arM7Ri.js	2026-10-08
Direzione-O30lGHrR.js	2026-10-08
Direzione-QOF6x54Z.js	2026-10-07
Direzione-UgnzMhnH.js	2026-10-08
Direzione-X642o6PE.js	2026-10-07
Direzione-XrGn6sX7.js	2026-10-07
Direzione-caqez5yr.js	2026-10-09
Direzione-d2_bi8rE.js	2026-10-07
Direzione-fpshtZns.js	2026-10-10
Direzione-g1n3BrRC.js	2026-10-08
Direzione-gmwfJclU.js	2026-10-09
Direzione-h4v9J8sb.js	2026-10-07
Direzione-jgTE2yNR.js	2026-10-07
Direzione-mTRj8UVs.js	2026-10-07
Direzione-n9jOxEGa.js	2026-10-08
Direzione-rWwEPAkE.js	2026-10-09
Direzione-swn24sN0.js	2026-10-08
Direzione-t5sXAyvt.js	2026-10-07
Direzione-yR9-IAOv.js	2026-10-07
Direzione-zJ6D4OBe.js	2026-10-08
Direzione-zkXq63TW.js	2026-10-10
Economia--H7nCiuq.js	2026-10-07
Economia-07URoy6l.js	2026-10-07
Economia-5D_0JsxS.js	2026-10-07
Economia-B-Yk-PD-.js	2026-10-10
Economia-B7IXKYqG.js	2026-10-07
Economia-B8KKqT8e.js	2026-10-10
Economia-B9ZFPQCR.js	2026-10-10
Economia-BACZPSGl.js	2026-10-08
Economia-BELH7r1z.js	2026-10-07
Economia-BGtRyjYK.js	2026-10-07
Economia-BH8z-Qjx.js	2026-10-08
Economia-BNWjm5n7.js	2026-10-07
Economia-BOmzrLPK.js	2026-10-07
Economia-BP3x3gsD.js	2026-10-08
Economia-BQBbhqPX.js	2026-10-08
Economia-BVL4fO6A.js	2026-10-07
Economia-BaAAnqm7.js	2026-10-08
Economia-Bd_QfmWX.js	2026-10-07
Economia-Bdn0ggB_.js	2026-10-09
Economia-BfU7duCd.js	2026-10-07
Economia-Boz4w3c7.js	2026-10-07
Economia-BqhFvSSi.js	2026-10-08
Economia-BurIxp-9.js	2026-10-07
Economia-BvE4UkWc.js	2026-10-07
Economia-Bvz6sHPg.js	2026-10-07
Economia-ByWhI_QU.js	2026-10-08
Economia-C1z-u0mX.js	2026-10-07
Economia-C5y5OXuJ.js	2026-10-10
Economia-C6WdlQga.js	2026-10-07
Economia-CARNY8sy.js	2026-10-07
Economia-CB2I61FP.js	2026-10-07
Economia-CEq9DKW5.js	2026-10-07
Economia-CKKOjSA5.js	2026-10-09
Economia-CQvQPkzn.js	2026-10-07
Economia-CSGGGWgc.js	2026-10-07
Economia-CSujI1ff.js	2026-10-08
Economia-C_bdNiNG.js	2026-10-07
Economia-Cb9k9k9B.js	2026-10-10
Economia-CeMZuJSc.js	2026-10-09
Economia-CfrbjArL.js	2026-10-09
Economia-Ck1zetna.js	2026-10-09
Economia-CkekVRER.js	2026-10-09
Economia-ClRBXIFo.js	2026-10-07
Economia-Cnfau_W9.js	2026-10-08
Economia-Cru3TsD4.js	2026-10-07
Economia-CsNcYqAy.js	2026-10-09
Economia-Cue6fMBt.js	2026-10-08
Economia-CvHOnY8R.js	2026-10-08
Economia-CyqcvNfX.js	2026-10-08
Economia-D-T4XZmV.js	2026-10-09
Economia-D03NYAe9.js	2026-10-09
Economia-D0toVcDt.js	2026-10-08
Economia-D1RAvgAP.js	2026-10-08
Economia-D1ZUI0gJ.js	2026-10-07
Economia-D1hNAo9U.js	2026-10-07
Economia-D9Gl4F58.js	2026-10-09
Economia-DA5OHv1b.js	2026-10-08
Economia-DB2GLp5b.js	2026-10-07
Economia-DCeQi1GD.js	2026-10-07
Economia-DDVpnJEH.js	2026-10-07
Economia-DDcGhMJL.js	2026-10-07
Economia-DMEU9OXs.js	2026-10-10
Economia-DPTptksg.js	2026-10-08
Economia-DXaFHWsO.js	2026-10-07
Economia-DbCnh3eC.js	2026-10-08
Economia-DcT5OWkE.js	2026-10-09
Economia-Djs1cEQq.js	2026-10-07
Economia-DkPbpW_D.js	2026-10-07
Economia-DpjY8COP.js	2026-10-10
Economia-DplXrSVv.js	2026-10-07
Economia-DqOrwHJj.js	2026-10-07
Economia-DsCpFoQJ.js	2026-10-07
Economia-DtC4rYkY.js	2026-10-08
Economia-DugB9amt.js	2026-10-07
Economia-DzOWlmNe.js	2026-10-08
Economia-DznTzmJX.js	2026-10-07
Economia-ELo2izKf.js	2026-10-07
Economia-EsWDYp9H.js	2026-10-07
Economia-LSEYIGLc.js	2026-10-07
Economia-MJPe-afr.js	2026-10-08
Economia-MtMKsxmr.js	2026-10-10
Economia-OI7hD-YN.js	2026-10-08
Economia-T4r77lUK.js	2026-10-07
Economia-WwjTLyDw.js	2026-10-07
Economia-ZAjXd5CG.js	2026-10-08
Economia-_jp7m-fe.js	2026-10-08
Economia-gX1yfceD.js	2026-10-09
Economia-ghvawBYY.js	2026-10-10
Economia-hBcKIK8S.js	2026-10-08
Economia-hnrOgu2T.js	2026-10-07
Economia-iwUdOODi.js	2026-10-08
Economia-mUqkrN7Q.js	2026-10-08
Economia-rRv4BzpW.js	2026-10-09
Economia-rZ9BR4W5.js	2026-10-09
Economia-sJ4G6DbH.js	2026-10-09
Economia-v60pMbP9.js	2026-10-10
Economia-wI7QTd-f.js	2026-10-08
Economia-zTHG132v.js	2026-10-07
Erogazione-50PFGs_3.js	2026-10-07
Erogazione-B-Oeu22x.js	2026-10-07
Erogazione-B1bTP8Py.js	2026-10-07
Erogazione-B2bmtk58.js	2026-10-07
Erogazione-B3LD7frC.js	2026-10-08
Erogazione-B3QWdhys.js	2026-10-07
Erogazione-BDn16kHE.js	2026-10-08
Erogazione-BGKfYU_z.js	2026-10-08
Erogazione-BNDtzLDZ.js	2026-10-08
Erogazione-BNWHLJhM.js	2026-10-07
Erogazione-BV-l9ijf.js	2026-10-09
Erogazione-BXa98DLl.js	2026-10-07
Erogazione-BXbpqlG2.js	2026-10-07
Erogazione-BYkoZL9U.js	2026-10-08
Erogazione-B_-4SzF_.js	2026-10-09
Erogazione-BbOa3ibX.js	2026-10-07
Erogazione-BdbYmb5i.js	2026-10-07
Erogazione-Bg2PDmFC.js	2026-10-08
Erogazione-BiFq92QH.js	2026-10-07
Erogazione-Biq-Gmlh.js	2026-10-07
Erogazione-BjHxhqM8.js	2026-10-09
Erogazione-BjOOG4O8.js	2026-10-07
Erogazione-Bk056rQR.js	2026-10-10
Erogazione-Bz3_Nw_m.js	2026-10-08
Erogazione-BzSHvWLW.js	2026-10-08
Erogazione-C016FXFk.js	2026-10-08
Erogazione-C0COl1tK.js	2026-10-07
Erogazione-C2NSxUVy.js	2026-10-10
Erogazione-C9TwyPrV.js	2026-10-08
Erogazione-CE-Tues9.js	2026-10-07
Erogazione-CFxz1N8B.js	2026-10-08
Erogazione-CIwz0nJm.js	2026-10-07
Erogazione-CJfdBLJg.js	2026-10-07
Erogazione-CJnCUOPH.js	2026-10-07
Erogazione-CKGzc_87.js	2026-10-09
Erogazione-CNw9f7gZ.js	2026-10-07
Erogazione-COTroa7T.js	2026-10-07
Erogazione-COw2Uywv.js	2026-10-08
Erogazione-CUClME42.js	2026-10-07
Erogazione-CVkxripc.js	2026-10-07
Erogazione-CXSVA4Lk.js	2026-10-09
Erogazione-CYIphZ8G.js	2026-10-07
Erogazione-CdoB0yj4.js	2026-10-09
Erogazione-Ce30SNkA.js	2026-10-08
Erogazione-CeKpHe4y.js	2026-10-07
Erogazione-CgFG976U.js	2026-10-07
Erogazione-Ch8TJ65R.js	2026-10-08
Erogazione-CkmUnbdF.js	2026-10-07
Erogazione-ClWMSAiB.js	2026-10-07
Erogazione-CouWl6hr.js	2026-10-08
Erogazione-CsYos7UR.js	2026-10-10
Erogazione-CxZLlI6W.js	2026-10-10
Erogazione-D2AeHElM.js	2026-10-08
Erogazione-D2RevVNq.js	2026-10-10
Erogazione-D4_3Eqsv.js	2026-10-07
Erogazione-D6DSjyEx.js	2026-10-08
Erogazione-DAU3s8x8.js	2026-10-09
Erogazione-DBojXOhr.js	2026-10-07
Erogazione-DCj77Xz6.js	2026-10-07
Erogazione-DCqlXaJ7.js	2026-10-07
Erogazione-DFq2aUCT.js	2026-10-09
Erogazione-DIGeZtX6.js	2026-10-07
Erogazione-DKAq_r5G.js	2026-10-07
Erogazione-DKe9y2Di.js	2026-10-08
Erogazione-DNcr9-Ug.js	2026-10-10
Erogazione-DTQspRAd.js	2026-10-09
Erogazione-DUDPGvwv.js	2026-10-07
Erogazione-DY0Y5VK4.js	2026-10-08
Erogazione-DdzBcgxo.js	2026-10-07
Erogazione-DgSXzlD0.js	2026-10-08
Erogazione-DgU40WzZ.js	2026-10-07
Erogazione-DkHdGclJ.js	2026-10-10
Erogazione-DkWmD0at.js	2026-10-08
Erogazione-Dm8Z62DI.js	2026-10-08
Erogazione-DqZY3JLg.js	2026-10-08
Erogazione-DrtFN3ZU.js	2026-10-09
Erogazione-DsnzDCUZ.js	2026-10-07
Erogazione-Dva-7PGF.js	2026-10-07
Erogazione-Dwt8ZmFV.js	2026-10-07
Erogazione-DxQDu1O6.js	2026-10-09
Erogazione-EgpBjhaP.js	2026-10-08
Erogazione-G9b8y6Ml.js	2026-10-07
Erogazione-IStBB6Om.js	2026-10-09
Erogazione-JtenZ6vv.js	2026-10-07
Erogazione-Kbmw5-Mt.js	2026-10-10
Erogazione-Mc2BZdXa.js	2026-10-10
Erogazione-NttQR93x.js	2026-10-07
Erogazione-Psex_-XR.js	2026-10-08
Erogazione-Qk5MGxXT.js	2026-10-09
Erogazione-Teno6wAN.js	2026-10-07
Erogazione-eDGYnyO5.js	2026-10-09
Erogazione-hiGmXEYW.js	2026-10-07
Erogazione-lctH8DP8.js	2026-10-07
Erogazione-u7ojpU_g.js	2026-10-07
Erogazione-uZQRivyV.js	2026-10-10
Erogazione-vmnYnty2.js	2026-10-08
Erogazione-xJdH7r_h.js	2026-10-09
Erogazione-ymoM1lWs.js	2026-10-08
EseguitoFatturato--fn9DKNA.js	2026-10-07
EseguitoFatturato-0CgRpRiJ.js	2026-10-10
EseguitoFatturato-1cBWEdVh.js	2026-10-08
EseguitoFatturato-4UxqgeRg.js	2026-10-09
EseguitoFatturato-7dSMfs6S.js	2026-10-08
EseguitoFatturato-B2UDe8Ll.js	2026-10-09
EseguitoFatturato-B3WuMkfi.js	2026-10-07
EseguitoFatturato-B3XAtSsh.js	2026-10-08
EseguitoFatturato-B4DzKO7a.js	2026-10-07
EseguitoFatturato-B4U0EHJ5.js	2026-10-09
EseguitoFatturato-B9N-YGkz.js	2026-10-07
EseguitoFatturato-BFfVYFuc.js	2026-10-09
EseguitoFatturato-BJCiO454.js	2026-10-10
EseguitoFatturato-BPP8R0j9.js	2026-10-08
EseguitoFatturato-BU4omM6C.js	2026-10-07
EseguitoFatturato-BUcdJUd9.js	2026-10-09
EseguitoFatturato-BXLnls4v.js	2026-10-09
EseguitoFatturato-Bamcxuz7.js	2026-10-08
EseguitoFatturato-Bat2BGfL.js	2026-10-07
EseguitoFatturato-BhGlD1Pq.js	2026-10-07
EseguitoFatturato-BjqENNxW.js	2026-10-09
EseguitoFatturato-BqZdpjmT.js	2026-10-08
EseguitoFatturato-Bqu-0FwN.js	2026-10-10
EseguitoFatturato-BrXM8xkX.js	2026-10-08
EseguitoFatturato-BvjDn89Q.js	2026-10-07
EseguitoFatturato-BwBfDSxB.js	2026-10-07
EseguitoFatturato-Bx-4Qs3p.js	2026-10-07
EseguitoFatturato-BxibgKnR.js	2026-10-07
EseguitoFatturato-ByB62qZ9.js	2026-10-09
EseguitoFatturato-C-y7Zcin.js	2026-10-07
EseguitoFatturato-C21-z5iP.js	2026-10-07
EseguitoFatturato-C4TKFxNJ.js	2026-10-07
EseguitoFatturato-C4WvvzJe.js	2026-10-08
EseguitoFatturato-C8VZ2fAu.js	2026-10-07
EseguitoFatturato-CAFUs_2G.js	2026-10-10
EseguitoFatturato-CF2oZX4-.js	2026-10-08
EseguitoFatturato-CIOJj_al.js	2026-10-08
EseguitoFatturato-CRL92US_.js	2026-10-07
EseguitoFatturato-CRh_25Xa.js	2026-10-09
EseguitoFatturato-CRypuoJt.js	2026-10-08
EseguitoFatturato-CSVcjAIo.js	2026-10-07
EseguitoFatturato-CWhHH43v.js	2026-10-07
EseguitoFatturato-CYNgN7c_.js	2026-10-09
EseguitoFatturato-CZEuhyt_.js	2026-10-10
EseguitoFatturato-CZKL01I7.js	2026-10-07
EseguitoFatturato-Ce9Mcnhy.js	2026-10-08
EseguitoFatturato-Cf3IkZQo.js	2026-10-08
EseguitoFatturato-CgGvVSoy.js	2026-10-08
EseguitoFatturato-CgZhmNMi.js	2026-10-08
EseguitoFatturato-CjQ6NgSm.js	2026-10-07
EseguitoFatturato-Cjtzq3qc.js	2026-10-10
EseguitoFatturato-Cl1V0wXb.js	2026-10-10
EseguitoFatturato-CmgnQM_p.js	2026-10-07
EseguitoFatturato-CoB_PfXP.js	2026-10-07
EseguitoFatturato-CtdENUfJ.js	2026-10-08
EseguitoFatturato-Cv3ZrzW4.js	2026-10-07
EseguitoFatturato-Cxvn66-C.js	2026-10-10
EseguitoFatturato-Cye1WqSa.js	2026-10-08
EseguitoFatturato-CzNuxBcS.js	2026-10-08
EseguitoFatturato-CzPLu4BA.js	2026-10-08
EseguitoFatturato-D1W1LkOj.js	2026-10-07
EseguitoFatturato-D4IaHm_M.js	2026-10-07
EseguitoFatturato-D8GwbvYS.js	2026-10-07
EseguitoFatturato-DCD8dfrq.js	2026-10-10
EseguitoFatturato-DCDhLouv.js	2026-10-08
EseguitoFatturato-DEZ4OQko.js	2026-10-07
EseguitoFatturato-DGnFNjTT.js	2026-10-08
EseguitoFatturato-DHflZ1sP.js	2026-10-08
EseguitoFatturato-DOGNdp_o.js	2026-10-07
EseguitoFatturato-DScSdRvx.js	2026-10-07
EseguitoFatturato-DUOE0K1Z.js	2026-10-09
EseguitoFatturato-DiPrcyX5.js	2026-10-08
EseguitoFatturato-DjmmzfRE.js	2026-10-10
EseguitoFatturato-Dqsj471D.js	2026-10-07
EseguitoFatturato-Duz9BVg7.js	2026-10-07
EseguitoFatturato-DvBFgapY.js	2026-10-07
EseguitoFatturato-DyC9OH_a.js	2026-10-09
EseguitoFatturato-Dzn1NXpw.js	2026-10-07
EseguitoFatturato-H2QTFpjY.js	2026-10-07
EseguitoFatturato-K-IjxxV0.js	2026-10-07
EseguitoFatturato-KwjMuzqo.js	2026-10-07
EseguitoFatturato-OBpxtlOJ.js	2026-10-07
EseguitoFatturato-UVRJIVQ9.js	2026-10-08
EseguitoFatturato-WTm6kQlm.js	2026-10-09
EseguitoFatturato-_w7tJpZH.js	2026-10-07
EseguitoFatturato-cORk1yjo.js	2026-10-08
EseguitoFatturato-dKNwvAt2.js	2026-10-07
EseguitoFatturato-feairA6v.js	2026-10-07
EseguitoFatturato-gF1qGYVA.js	2026-10-08
EseguitoFatturato-gk_lOjkZ.js	2026-10-09
EseguitoFatturato-op75OBk0.js	2026-10-07
EseguitoFatturato-ozMLJ1FD.js	2026-10-07
EseguitoFatturato-sDr7-NbX.js	2026-10-09
EseguitoFatturato-tVOCnvZT.js	2026-10-07
EseguitoFatturato-wHaHxUsn.js	2026-10-07
EseguitoFatturato-yXas6WF4.js	2026-10-07
EseguitoFatturato-ywd7ju1L.js	2026-10-08
EseguitoFatturato-zjNJyk9F.js	2026-10-07
EseguitoNonFatturato-2Ok7nFM2.js	2026-10-07
EseguitoNonFatturato-4w7sdJZK.js	2026-10-07
EseguitoNonFatturato-813X1F7D.js	2026-10-07
EseguitoNonFatturato-8DkX9u6L.js	2026-10-09
EseguitoNonFatturato-8fkCG2a9.js	2026-10-08
EseguitoNonFatturato-94D1l96a.js	2026-10-07
EseguitoNonFatturato-B-ldEyqN.js	2026-10-10
EseguitoNonFatturato-B1jTB1GD.js	2026-10-08
EseguitoNonFatturato-B3Dq9EkS.js	2026-10-08
EseguitoNonFatturato-B6aqEC4V.js	2026-10-07
EseguitoNonFatturato-B7zMHgN3.js	2026-10-07
EseguitoNonFatturato-B8F3N9--.js	2026-10-07
EseguitoNonFatturato-B9HpuPZe.js	2026-10-10
EseguitoNonFatturato-BT_UviND.js	2026-10-07
EseguitoNonFatturato-BUDdQRBs.js	2026-10-08
EseguitoNonFatturato-BV69E72p.js	2026-10-08
EseguitoNonFatturato-BXmVO8Nf.js	2026-10-08
EseguitoNonFatturato-Bcdj7srf.js	2026-10-09
EseguitoNonFatturato-BjmBwGtk.js	2026-10-08
EseguitoNonFatturato-Bn3mJsHU.js	2026-10-08
EseguitoNonFatturato-Bn92ux0Z.js	2026-10-08
EseguitoNonFatturato-BnySBQaD.js	2026-10-08
EseguitoNonFatturato-BqM0khfT.js	2026-10-07
EseguitoNonFatturato-BstKBN8f.js	2026-10-07
EseguitoNonFatturato-BtmmyGnA.js	2026-10-07
EseguitoNonFatturato-BuJmtoBO.js	2026-10-07
EseguitoNonFatturato-BvsxmYuO.js	2026-10-10
EseguitoNonFatturato-Bx-DqzLa.js	2026-10-08
EseguitoNonFatturato-C6bzq7Bg.js	2026-10-08
EseguitoNonFatturato-C7M2CKUW.js	2026-10-10
EseguitoNonFatturato-CERIQYnz.js	2026-10-09
EseguitoNonFatturato-CEv2UB5N.js	2026-10-10
EseguitoNonFatturato-CGOdYrf5.js	2026-10-07
EseguitoNonFatturato-CHY-cDjT.js	2026-10-07
EseguitoNonFatturato-CId7Xn_k.js	2026-10-07
EseguitoNonFatturato-CIneIaKt.js	2026-10-07
EseguitoNonFatturato-CJesDPNw.js	2026-10-07
EseguitoNonFatturato-CNB1fWBY.js	2026-10-09
EseguitoNonFatturato-CP2oLkJc.js	2026-10-07
EseguitoNonFatturato-CQZjARwo.js	2026-10-10
EseguitoNonFatturato-CSlmnkiM.js	2026-10-08
EseguitoNonFatturato-CXrGdqlL.js	2026-10-09
EseguitoNonFatturato-CYFb86M2.js	2026-10-07
EseguitoNonFatturato-CYPVckiU.js	2026-10-08
EseguitoNonFatturato-Cc_y_7LT.js	2026-10-07
EseguitoNonFatturato-CczeYU31.js	2026-10-09
EseguitoNonFatturato-Ces9a8A1.js	2026-10-08
EseguitoNonFatturato-CiO0YEOh.js	2026-10-07
EseguitoNonFatturato-CinC7HTZ.js	2026-10-07
EseguitoNonFatturato-CoaJ2SJR.js	2026-10-08
EseguitoNonFatturato-CqIEa-DB.js	2026-10-09
EseguitoNonFatturato-CqNLuiUn.js	2026-10-07
EseguitoNonFatturato-CwlTwqIf.js	2026-10-07
EseguitoNonFatturato-Cwn-B6X0.js	2026-10-08
EseguitoNonFatturato-D-Dm_uZ1.js	2026-10-08
EseguitoNonFatturato-D4dyAoJ7.js	2026-10-07
EseguitoNonFatturato-D6Le8zCg.js	2026-10-09
EseguitoNonFatturato-D6VAXVih.js	2026-10-09
EseguitoNonFatturato-D7AVyib6.js	2026-10-07
EseguitoNonFatturato-D8RL-GE0.js	2026-10-07
EseguitoNonFatturato-DI9JYffQ.js	2026-10-07
EseguitoNonFatturato-DY0mv4lQ.js	2026-10-07
EseguitoNonFatturato-DayBODZk.js	2026-10-07
EseguitoNonFatturato-DbQaueYe.js	2026-10-08
EseguitoNonFatturato-DcybF0Sb.js	2026-10-09
EseguitoNonFatturato-DkQzvfvz.js	2026-10-09
EseguitoNonFatturato-DkUFMWcI.js	2026-10-10
EseguitoNonFatturato-Dl6j5r--.js	2026-10-08
EseguitoNonFatturato-DlCIPuUA.js	2026-10-08
EseguitoNonFatturato-Dls5aEgD.js	2026-10-07
EseguitoNonFatturato-DmSRzJAa.js	2026-10-07
EseguitoNonFatturato-DuoZBC3o.js	2026-10-10
EseguitoNonFatturato-DwTSZ_l_.js	2026-10-07
EseguitoNonFatturato-Dwhcg0Pf.js	2026-10-07
EseguitoNonFatturato-Dx65vYMh.js	2026-10-07
EseguitoNonFatturato-DyLYLBEJ.js	2026-10-09
EseguitoNonFatturato-DzBHIYgT.js	2026-10-07
EseguitoNonFatturato-Fgd-Tbk7.js	2026-10-07
EseguitoNonFatturato-Fh6RY6r8.js	2026-10-10
EseguitoNonFatturato-GiCYQ0lP.js	2026-10-07
EseguitoNonFatturato-IVmHfsmi.js	2026-10-07
EseguitoNonFatturato-JqWravHY.js	2026-10-08
EseguitoNonFatturato-LhPTAKHL.js	2026-10-09
EseguitoNonFatturato-McqSK2vz.js	2026-10-08
EseguitoNonFatturato-Ob19TQL-.js	2026-10-08
EseguitoNonFatturato-QXMmG9Zs.js	2026-10-07
EseguitoNonFatturato-UKeaWBFl.js	2026-10-09
EseguitoNonFatturato-XpQj63c4.js	2026-10-07
EseguitoNonFatturato-bJBldhv6.js	2026-10-10
EseguitoNonFatturato-cuWVoz-b.js	2026-10-07
EseguitoNonFatturato-dt5ENlin.js	2026-10-08
EseguitoNonFatturato-f5lJG3zH.js	2026-10-09
EseguitoNonFatturato-kcEUxSpr.js	2026-10-07
EseguitoNonFatturato-m4ZOueuY.js	2026-10-08
EseguitoNonFatturato-pgAX3LYB.js	2026-10-08
EseguitoNonFatturato-qMnszy_7.js	2026-10-07
EseguitoNonFatturato-uS2M8o6u.js	2026-10-07
EseguitoNonFatturato-w9pARocr.js	2026-10-07
FatturatoNonSvolto--ut3ixcA.js	2026-10-07
FatturatoNonSvolto-3gsmFYdW.js	2026-10-08
FatturatoNonSvolto-4qXtFf2j.js	2026-10-08
FatturatoNonSvolto-75i-NxAv.js	2026-10-10
FatturatoNonSvolto-7_qx3vC8.js	2026-10-08
FatturatoNonSvolto-B3Y2geA5.js	2026-10-07
FatturatoNonSvolto-B7joLslQ.js	2026-10-08
FatturatoNonSvolto-B8ESOw2q.js	2026-10-08
FatturatoNonSvolto-B9wOZQnz.js	2026-10-09
FatturatoNonSvolto-BBQ6d1L8.js	2026-10-07
FatturatoNonSvolto-BBrRDC0J.js	2026-10-08
FatturatoNonSvolto-BChYwgvM.js	2026-10-09
FatturatoNonSvolto-BNCohCz2.js	2026-10-07
FatturatoNonSvolto-BQltpdzc.js	2026-10-10
FatturatoNonSvolto-BTE__G4p.js	2026-10-08
FatturatoNonSvolto-BWKdLSN-.js	2026-10-09
FatturatoNonSvolto-BckXHBHA.js	2026-10-09
FatturatoNonSvolto-BkD0Y4YW.js	2026-10-09
FatturatoNonSvolto-Bm1JPNhD.js	2026-10-07
FatturatoNonSvolto-Bmi_xlnX.js	2026-10-10
FatturatoNonSvolto-Bp1k0g6Y.js	2026-10-10
FatturatoNonSvolto-BpgmXup0.js	2026-10-07
FatturatoNonSvolto-BqG3xpmp.js	2026-10-07
FatturatoNonSvolto-BzORoC0e.js	2026-10-08
FatturatoNonSvolto-Bzo9NO9E.js	2026-10-07
FatturatoNonSvolto-C8X6-_eH.js	2026-10-08
FatturatoNonSvolto-CAiqAQoI.js	2026-10-07
FatturatoNonSvolto-CAkZkxD0.js	2026-10-07
FatturatoNonSvolto-CDL0w0Kb.js	2026-10-07
FatturatoNonSvolto-CHH2L0MQ.js	2026-10-10
FatturatoNonSvolto-CHaUyFyH.js	2026-10-08
FatturatoNonSvolto-CIl7MSM4.js	2026-10-09
FatturatoNonSvolto-CMDkliaN.js	2026-10-08
FatturatoNonSvolto-COZv3T_0.js	2026-10-07
FatturatoNonSvolto-CR6-A6Cl.js	2026-10-07
FatturatoNonSvolto-CRZzEPZm.js	2026-10-07
FatturatoNonSvolto-CUMyEr9e.js	2026-10-08
FatturatoNonSvolto-CWhL5bqi.js	2026-10-10
FatturatoNonSvolto-CcXhxV3J.js	2026-10-07
FatturatoNonSvolto-CceMqsy5.js	2026-10-07
FatturatoNonSvolto-CfXWHmQ_.js	2026-10-08
FatturatoNonSvolto-CiOEqzwL.js	2026-10-07
FatturatoNonSvolto-CkeZUfae.js	2026-10-09
FatturatoNonSvolto-CoBXXiGl.js	2026-10-07
FatturatoNonSvolto-CoSybCXr.js	2026-10-07
FatturatoNonSvolto-CryDpNVw.js	2026-10-07
FatturatoNonSvolto-CuYf7gyB.js	2026-10-07
FatturatoNonSvolto-D-A4YiTM.js	2026-10-07
FatturatoNonSvolto-D-XT_jDz.js	2026-10-08
FatturatoNonSvolto-D0-mWQgV.js	2026-10-07
FatturatoNonSvolto-D8RJTaaO.js	2026-10-07
FatturatoNonSvolto-DA_d5IBS.js	2026-10-09
FatturatoNonSvolto-DDLZCUbL.js	2026-10-07
FatturatoNonSvolto-DGgBpeRX.js	2026-10-08
FatturatoNonSvolto-DS5JkWqA.js	2026-10-07
FatturatoNonSvolto-DW23yZhH.js	2026-10-07
FatturatoNonSvolto-DWgsMcSa.js	2026-10-07
FatturatoNonSvolto-DWxxCvAC.js	2026-10-07
FatturatoNonSvolto-DXDh4sFM.js	2026-10-09
FatturatoNonSvolto-DYjbXciT.js	2026-10-08
FatturatoNonSvolto-DZVESJFg.js	2026-10-07
FatturatoNonSvolto-DZq5BsGk.js	2026-10-08
FatturatoNonSvolto-DZw9GCj6.js	2026-10-09
FatturatoNonSvolto-DfoJKBaf.js	2026-10-08
FatturatoNonSvolto-DgFQYPD7.js	2026-10-07
FatturatoNonSvolto-DjgRR_cT.js	2026-10-07
FatturatoNonSvolto-Dl9ILm_O.js	2026-10-10
FatturatoNonSvolto-DnLjiy2d.js	2026-10-08
FatturatoNonSvolto-DqryzxkE.js	2026-10-09
FatturatoNonSvolto-Du0BpUbL.js	2026-10-08
FatturatoNonSvolto-Dx5ZPb9l.js	2026-10-08
FatturatoNonSvolto-DzeC4r-z.js	2026-10-10
FatturatoNonSvolto-DzsfAPqO.js	2026-10-08
FatturatoNonSvolto-HW_Or_IZ.js	2026-10-07
FatturatoNonSvolto-HeXH1jHZ.js	2026-10-07
FatturatoNonSvolto-IwykvBRh.js	2026-10-10
FatturatoNonSvolto-MM_Syavj.js	2026-10-07
FatturatoNonSvolto-P3NmhYfh.js	2026-10-07
FatturatoNonSvolto-VBciFiJ7.js	2026-10-09
FatturatoNonSvolto-VGa6NcDq.js	2026-10-07
FatturatoNonSvolto-VuSALzI8.js	2026-10-07
FatturatoNonSvolto-YGZPxx1P.js	2026-10-07
FatturatoNonSvolto-YR01evfc.js	2026-10-08
FatturatoNonSvolto-YcvABDsk.js	2026-10-07
FatturatoNonSvolto-a_kv-Bvr.js	2026-10-08
FatturatoNonSvolto-eDELho5f.js	2026-10-09
FatturatoNonSvolto-hFtIVh71.js	2026-10-07
FatturatoNonSvolto-lYEkLrfu.js	2026-10-07
FatturatoNonSvolto-mKDIH9LE.js	2026-10-08
FatturatoNonSvolto-mdSSJZ4H.js	2026-10-07
FatturatoNonSvolto-o1LpCf1g.js	2026-10-09
FatturatoNonSvolto-o7Yfk7rg.js	2026-10-08
FatturatoNonSvolto-q1ydPGm1.js	2026-10-07
FatturatoNonSvolto-rTgHgI6z.js	2026-10-08
FatturatoNonSvolto-xyIijbpv.js	2026-10-09
FatturatoNonSvolto-yKKtOgnD.js	2026-10-07
FatturatoNonSvolto-yrBZxEVk.js	2026-10-10
FatturatoNonSvolto-zCPa25vD.js	2026-10-07
Glossario-0AGVtgrN.js	2026-10-09
Glossario-0TkXwanR.js	2026-10-08
Glossario-3T68T1P3.js	2026-10-07
Glossario-5ZFyyHsa.js	2026-10-07
Glossario-B3OrSkiz.js	2026-10-07
Glossario-B3XjzhCl.js	2026-10-08
Glossario-B4pdIxp5.js	2026-10-08
Glossario-B59OyJlt.js	2026-10-08
Glossario-B5ktpXxC.js	2026-10-09
Glossario-B77nyJLP.js	2026-10-08
Glossario-B95ME3Gm.js	2026-10-08
Glossario-BA3OA8Bh.js	2026-10-08
Glossario-BDIfcZFm.js	2026-10-07
Glossario-BFiJY-bS.js	2026-10-07
Glossario-BHe0Orpw.js	2026-10-09
Glossario-BIKLiDJS.js	2026-10-08
Glossario-BIXP2UC-.js	2026-10-08
Glossario-BJ87mm5C.js	2026-10-09
Glossario-BL99HMTB.js	2026-10-10
Glossario-BMOK38xI.js	2026-10-07
Glossario-BMS6n3di.js	2026-10-07
Glossario-BMo1WnZ-.js	2026-10-07
Glossario-BPBoVldX.js	2026-10-07
Glossario-BQ9nUbuM.js	2026-10-08
Glossario-BZdQ6AP0.js	2026-10-07
Glossario-BkcAg-51.js	2026-10-10
Glossario-BndWsgHn.js	2026-10-07
Glossario-BoSu3iWC.js	2026-10-09
Glossario-BpNaHLLD.js	2026-10-07
Glossario-BsIKCjO-.js	2026-10-10
Glossario-C0F6hRnq.js	2026-10-09
Glossario-C2WyO9Ny.js	2026-10-09
Glossario-C4j7pJiU.js	2026-10-10
Glossario-C5xwnJlI.js	2026-10-09
Glossario-C64mc2Y_.js	2026-10-09
Glossario-CBTM5Eep.js	2026-10-08
Glossario-CC2aazFe.js	2026-10-07
Glossario-CERUDBAm.js	2026-10-08
Glossario-CIITlOfs.js	2026-10-09
Glossario-CKX9vfqY.js	2026-10-07
Glossario-CLzBdwfT.js	2026-10-08
Glossario-CPV7SW_1.js	2026-10-10
Glossario-CR_GyRUP.js	2026-10-07
Glossario-CSFc3eQ4.js	2026-10-08
Glossario-CV6n5WuZ.js	2026-10-07
Glossario-CVaKdMol.js	2026-10-07
Glossario-CVtpwC54.js	2026-10-09
Glossario-CZAgr6y7.js	2026-10-07
Glossario-CdPNZOg9.js	2026-10-07
Glossario-CeNkrQKP.js	2026-10-08
Glossario-CjC3bedd.js	2026-10-07
Glossario-Clq1sScs.js	2026-10-08
Glossario-Cne_s5no.js	2026-10-08
Glossario-CoWkEZ7f.js	2026-10-07
Glossario-CpdGqOwc.js	2026-10-07
Glossario-Cto4XEjv.js	2026-10-07
Glossario-Cu4Rvw6M.js	2026-10-07
Glossario-Cu5qV8IG.js	2026-10-07
Glossario-Cv4xjNKN.js	2026-10-07
Glossario-CvIzJZZy.js	2026-10-10
Glossario-CwGlAl0x.js	2026-10-07
Glossario-Cx3ZbFO_.js	2026-10-08
Glossario-CyBedvwM.js	2026-10-08
Glossario-D-KOthq1.js	2026-10-08
Glossario-D0NLvlTg.js	2026-10-07
Glossario-D1guHGV5.js	2026-10-07
Glossario-D5c3eIe6.js	2026-10-09
Glossario-D68qgzZg.js	2026-10-07
Glossario-D6QlaEp9.js	2026-10-09
Glossario-D7M3aP5u.js	2026-10-07
Glossario-D9MQqCGQ.js	2026-10-07
Glossario-DAio-9-C.js	2026-10-08
Glossario-DEdbCXZG.js	2026-10-07
Glossario-DGLiWPqi.js	2026-10-08
Glossario-DN8Lw1wG.js	2026-10-10
Glossario-DS0eGn-h.js	2026-10-07
Glossario-DUE4edDP.js	2026-10-08
Glossario-DcLlTstY.js	2026-10-07
Glossario-Dd5TN7rx.js	2026-10-08
Glossario-De0OcVBk.js	2026-10-09
Glossario-DeruaSeC.js	2026-10-07
Glossario-DiRb_bQw.js	2026-10-07
Glossario-DpNFNFjD.js	2026-10-07
Glossario-DpiN2VGT.js	2026-10-08
Glossario-Dpt14Mbo.js	2026-10-07
Glossario-Dr2kLhQO.js	2026-10-10
Glossario-Dz40pGkx.js	2026-10-08
Glossario-E_A_9U8p.js	2026-10-07
Glossario-NJ11i_rB.js	2026-10-07
Glossario-NOqHoJks.js	2026-10-07
Glossario-_jUnpHbe.js	2026-10-07
Glossario-eTSt2I9H.js	2026-10-10
Glossario-l0bKTRrJ.js	2026-10-07
Glossario-mMU938vX.js	2026-10-07
Glossario-miMORW1a.js	2026-10-09
Glossario-s6yetBlf.js	2026-10-07
Glossario-xCKdzmq0.js	2026-10-10
Glossario-y0ROq5QS.js	2026-10-08
IMieiOrdini---k7V9g4.js	2026-10-09
IMieiOrdini-0NarnbSk.js	2026-10-07
IMieiOrdini-1Oxp0gPd.js	2026-10-07
IMieiOrdini-4AzxAzKu.js	2026-10-10
IMieiOrdini-8X1QAOxD.js	2026-10-07
IMieiOrdini-B0bp1xln.js	2026-10-08
IMieiOrdini-B55F-1hC.js	2026-10-07
IMieiOrdini-B87A2O4B.js	2026-10-09
IMieiOrdini-B8d6AspA.js	2026-10-08
IMieiOrdini-BAL4jiGn.js	2026-10-09
IMieiOrdini-BB8HU2_A.js	2026-10-09
IMieiOrdini-BBVA1gNi.js	2026-10-07
IMieiOrdini-BDaWav1l.js	2026-10-10
IMieiOrdini-BHOBFwq-.js	2026-10-07
IMieiOrdini-BIIZgQ20.js	2026-10-09
IMieiOrdini-BIRCVR9w.js	2026-10-07
IMieiOrdini-BI_pbyUw.js	2026-10-07
IMieiOrdini-BK8D_wFj.js	2026-10-08
IMieiOrdini-BL-dEP78.js	2026-10-10
IMieiOrdini-BM5HpHPV.js	2026-10-07
IMieiOrdini-BOGCYwX8.js	2026-10-08
IMieiOrdini-BU-K4JOe.js	2026-10-07
IMieiOrdini-BU5xobGE.js	2026-10-09
IMieiOrdini-B_x07evv.js	2026-10-09
IMieiOrdini-Ba6WVxE9.js	2026-10-08
IMieiOrdini-BaJWoc3R.js	2026-10-10
IMieiOrdini-BkKkdjhQ.js	2026-10-10
IMieiOrdini-BmOkXAc8.js	2026-10-07
IMieiOrdini-Btt1SFKo.js	2026-10-09
IMieiOrdini-C076axAH.js	2026-10-07
IMieiOrdini-C1_ddy7I.js	2026-10-07
IMieiOrdini-C21zqVuP.js	2026-10-07
IMieiOrdini-C2nW0NTh.js	2026-10-08
IMieiOrdini-CBBSB7rt.js	2026-10-08
IMieiOrdini-CBdsbd3K.js	2026-10-08
IMieiOrdini-CRM1MIZ-.js	2026-10-07
IMieiOrdini-CTEaWZ2V.js	2026-10-07
IMieiOrdini-CTGhx7CN.js	2026-10-07
IMieiOrdini-CTO9GYRU.js	2026-10-09
IMieiOrdini-Cb5mH4px.js	2026-10-07
IMieiOrdini-Cdhq7FM2.js	2026-10-08
IMieiOrdini-Cidxn0Ug.js	2026-10-08
IMieiOrdini-CnxYqmZg.js	2026-10-09
IMieiOrdini-CoDdQY3A.js	2026-10-07
IMieiOrdini-Cu2zqpPx.js	2026-10-07
IMieiOrdini-CwQR5eT6.js	2026-10-07
IMieiOrdini-Cyb4F7as.js	2026-10-08
IMieiOrdini-D3SKaFns.js	2026-10-10
IMieiOrdini-D4GRvLse.js	2026-10-07
IMieiOrdini-D68q1OuJ.js	2026-10-08
IMieiOrdini-D6uXuK0L.js	2026-10-08
IMieiOrdini-DCW_653f.js	2026-10-09
IMieiOrdini-DFjRmlQk.js	2026-10-08
IMieiOrdini-DJG5f3PI.js	2026-10-07
IMieiOrdini-DOfwTfN5.js	2026-10-08
IMieiOrdini-DTMELhZg.js	2026-10-07
IMieiOrdini-DTx2KZBY.js	2026-10-09
IMieiOrdini-DU113zI4.js	2026-10-08
IMieiOrdini-DUFNDYqt.js	2026-10-09
IMieiOrdini-DVYDc7hX.js	2026-10-07
IMieiOrdini-DX4i0OOL.js	2026-10-07
IMieiOrdini-DYtNQqT4.js	2026-10-07
IMieiOrdini-DZqrQCVm.js	2026-10-08
IMieiOrdini-DZwV7TPO.js	2026-10-08
IMieiOrdini-D_22LvV4.js	2026-10-07
IMieiOrdini-DaOmGsGU.js	2026-10-07
IMieiOrdini-Dax4UjsU.js	2026-10-08
IMieiOrdini-DdlyzVYK.js	2026-10-07
IMieiOrdini-DeDhfu-f.js	2026-10-07
IMieiOrdini-DhvPN5-M.js	2026-10-07
IMieiOrdini-DstfKhCY.js	2026-10-07
IMieiOrdini-DvqFAKPS.js	2026-10-09
IMieiOrdini-DywPI2bU.js	2026-10-07
IMieiOrdini-EtGOcY2e.js	2026-10-07
IMieiOrdini-Ew5VH_vB.js	2026-10-07
IMieiOrdini-GRXP1fKd.js	2026-10-08
IMieiOrdini-PU6wdy1L.js	2026-10-07
IMieiOrdini-QuCSjzVH.js	2026-10-07
IMieiOrdini-TimEDdRZ.js	2026-10-10
IMieiOrdini-UoNRq0lK.js	2026-10-07
IMieiOrdini-WaYdyWUt.js	2026-10-07
IMieiOrdini-Xe-fnL38.js	2026-10-07
IMieiOrdini-YbEPigR_.js	2026-10-10
IMieiOrdini-b8N1qJnU.js	2026-10-07
IMieiOrdini-crvGlyV1.js	2026-10-10
IMieiOrdini-dKmckoh_.js	2026-10-08
IMieiOrdini-fMEUGgGA.js	2026-10-08
IMieiOrdini-iGsy08q6.js	2026-10-08
IMieiOrdini-j_2sphJ1.js	2026-10-08
IMieiOrdini-k57jjV2l.js	2026-10-07
IMieiOrdini-oK6Bgh0J.js	2026-10-07
IMieiOrdini-ob4Zy25c.js	2026-10-08
IMieiOrdini-rPkm5eur.js	2026-10-08
IMieiOrdini-rkbjV5Ke.js	2026-10-09
IMieiOrdini-ws_9en6R.js	2026-10-07
IMieiOrdini-xs5F6pn2.js	2026-10-07
IMieiOrdini-y2wl8Mui.js	2026-10-08
IMieiOrdini-yyhUxAVY.js	2026-10-10
Marketing--M7TZPtm.js	2026-10-07
Marketing-2U97SpxH.js	2026-10-10
Marketing-829hwcNr.js	2026-10-07
Marketing-9MbJdJz_.js	2026-10-09
Marketing-B1JItyJG.js	2026-10-07
Marketing-B4LF7f_d.js	2026-10-07
Marketing-B58GluA7.js	2026-10-07
Marketing-B9GXD63t.js	2026-10-08
Marketing-BELQvgpS.js	2026-10-08
Marketing-BF1BH8cD.js	2026-10-07
Marketing-BKNyTxyH.js	2026-10-10
Marketing-BQ1yhyAr.js	2026-10-08
Marketing-BSqv687-.js	2026-10-07
Marketing-BUuAlLa_.js	2026-10-07
Marketing-BWRAMvl8.js	2026-10-07
Marketing-BX-ikFxu.js	2026-10-07
Marketing-BXJLl8Sd.js	2026-10-07
Marketing-BXbNkjpe.js	2026-10-08
Marketing-Bb-FHzrQ.js	2026-10-09
Marketing-BcKPFb_M.js	2026-10-08
Marketing-BcUVRNz3.js	2026-10-09
Marketing-BdUA55az.js	2026-10-10
Marketing-BeKC2GAz.js	2026-10-07
Marketing-BhGHWBWX.js	2026-10-10
Marketing-BjfhjKKG.js	2026-10-08
Marketing-BlSH-bYl.js	2026-10-09
Marketing-BmREKtcU.js	2026-10-07
Marketing-BmmIlqPy.js	2026-10-08
Marketing-Bnj77J2z.js	2026-10-07
Marketing-BoMoEQGf.js	2026-10-08
Marketing-BrDvX3LF.js	2026-10-07
Marketing-BryIcXPR.js	2026-10-07
Marketing-Bv9uMZwt.js	2026-10-07
Marketing-BvVKAZtG.js	2026-10-07
Marketing-Bxvw8W7g.js	2026-10-09
Marketing-C100oWDB.js	2026-10-07
Marketing-C3vUislY.js	2026-10-10
Marketing-CApnOD6M.js	2026-10-08
Marketing-CEHJGt63.js	2026-10-09
Marketing-CFx7dPoP.js	2026-10-07
Marketing-CIfAnKRH.js	2026-10-08
Marketing-CJVJ1hHy.js	2026-10-07
Marketing-CK587hoo.js	2026-10-07
Marketing-CKFftOoQ.js	2026-10-07
Marketing-CP--UVof.js	2026-10-07
Marketing-CQ3ki2sV.js	2026-10-08
Marketing-CQ4ZudYH.js	2026-10-08
Marketing-CRwdSz9V.js	2026-10-08
Marketing-CVTVcCZh.js	2026-10-07
Marketing-CXnR8B0T.js	2026-10-07
Marketing-CYLd2cJz.js	2026-10-09
Marketing-CZdHpZe8.js	2026-10-09
Marketing-CaBSspDZ.js	2026-10-10
Marketing-CatAwxcx.js	2026-10-07
Marketing-Ce-CN6aa.js	2026-10-09
Marketing-CgyhDZdU.js	2026-10-07
Marketing-Cj6WVNNI.js	2026-10-07
Marketing-Cn76ukBt.js	2026-10-08
Marketing-Coire3j-.js	2026-10-08
Marketing-Cqk4ck4H.js	2026-10-07
Marketing-Cr6AAhMi.js	2026-10-08
Marketing-CreiNL49.js	2026-10-08
Marketing-Ct58Zkvp.js	2026-10-09
Marketing-D-Ilo-ka.js	2026-10-07
Marketing-D0SkMTGP.js	2026-10-07
Marketing-D2fFKwhM.js	2026-10-07
Marketing-D9T2IpwU.js	2026-10-09
Marketing-DA51JiDT.js	2026-10-08
Marketing-DDGnVc8Z.js	2026-10-07
Marketing-DDPC-Qwg.js	2026-10-10
Marketing-DFDoRbVF.js	2026-10-10
Marketing-DGokKNN1.js	2026-10-08
Marketing-DMMzxqL2.js	2026-10-07
Marketing-DOHjWMVu.js	2026-10-07
Marketing-DPB1Lgy7.js	2026-10-07
Marketing-DSp610FM.js	2026-10-07
Marketing-DZnBY61j.js	2026-10-10
Marketing-DgIrEzht.js	2026-10-08
Marketing-Djjv3jx8.js	2026-10-08
Marketing-DlLaaf8q.js	2026-10-08
Marketing-DqNYoizL.js	2026-10-08
Marketing-DsAC7m6U.js	2026-10-08
Marketing-Du42hsHY.js	2026-10-07
Marketing-DuPt1uYu.js	2026-10-09
Marketing-DubHRQUS.js	2026-10-08
Marketing-DwzIkIl3.js	2026-10-07
Marketing-DyeV8mWS.js	2026-10-07
Marketing-TDSxineR.js	2026-10-10
Marketing-UU-VAd9d.js	2026-10-09
Marketing-VjEu__S8.js	2026-10-08
Marketing-YOm74WNa.js	2026-10-08
Marketing-ec5ApG35.js	2026-10-07
Marketing-j_hFp-fz.js	2026-10-09
Marketing-kU37_TQs.js	2026-10-07
Marketing-lfVRyE6o.js	2026-10-09
Marketing-u1S4PAs5.js	2026-10-07
Marketing-u4KqIC6S.js	2026-10-07
Marketing-zBZjzlqH.js	2026-10-07
Offerta-0DUB7sF6.js	2026-10-07
Offerta-0d2u7yFt.js	2026-10-07
Offerta-0m-g3P4z.js	2026-10-08
Offerta-2-SGzTWE.js	2026-10-09
Offerta-BCMD3j49.js	2026-10-08
Offerta-BFFodWf1.js	2026-10-08
Offerta-BH20_C9F.js	2026-10-08
Offerta-BNs-GXig.js	2026-10-10
Offerta-BQqpfIwK.js	2026-10-08
Offerta-BU6KKOm_.js	2026-10-07
Offerta-BatIfPuv.js	2026-10-07
Offerta-BbCbkmPZ.js	2026-10-07
Offerta-BbaBN5In.js	2026-10-07
Offerta-BeRcW6pm.js	2026-10-10
Offerta-BfZUVmrb.js	2026-10-07
Offerta-Bgk3tVUU.js	2026-10-09
Offerta-BhKFxykO.js	2026-10-10
Offerta-BhqRhJ0x.js	2026-10-07
Offerta-BjRwcaqU.js	2026-10-07
Offerta-Bjkkqxik.js	2026-10-07
Offerta-BniYlcUi.js	2026-10-07
Offerta-BusLx8CD.js	2026-10-09
Offerta-C0D0HuwI.js	2026-10-08
Offerta-C2vODOZj.js	2026-10-07
Offerta-C6dPwYHV.js	2026-10-08
Offerta-C6uS5VD2.js	2026-10-07
Offerta-C7TwvPRm.js	2026-10-07
Offerta-CAoidD8U.js	2026-10-08
Offerta-CBSXzd3H.js	2026-10-09
Offerta-CC6V5TAt.js	2026-10-09
Offerta-CF1jCRdg.js	2026-10-08
Offerta-CQ_nz7W_.js	2026-10-09
Offerta-CV7JHh_X.js	2026-10-09
Offerta-CWSiFF33.js	2026-10-07
Offerta-CYO505RU.js	2026-10-07
Offerta-CZL3KN49.js	2026-10-07
Offerta-CbSZ28eL.js	2026-10-10
Offerta-Ccasqvic.js	2026-10-09
Offerta-CeIzlXQo.js	2026-10-09
Offerta-Chj7pfwo.js	2026-10-07
Offerta-CiY5XH1x.js	2026-10-10
Offerta-CkHkiGow.js	2026-10-08
Offerta-CnLOyo7P.js	2026-10-07
Offerta-CnNbo6We.js	2026-10-07
Offerta-CpKpHrPX.js	2026-10-09
Offerta-Cpzds4n9.js	2026-10-07
Offerta-CriINj-r.js	2026-10-07
Offerta-Csb62PQB.js	2026-10-10
Offerta-CsfmaEc9.js	2026-10-07
Offerta-CxK3-Hzl.js	2026-10-08
Offerta-D1_a01RQ.js	2026-10-07
Offerta-D2nnVrN-.js	2026-10-07
Offerta-D3Z5jfSr.js	2026-10-07
Offerta-D9L-2snz.js	2026-10-10
Offerta-DBZTUdIw.js	2026-10-08
Offerta-DEQGdq72.js	2026-10-07
Offerta-DEUpYGoQ.js	2026-10-08
Offerta-DG8XsrCk.js	2026-10-07
Offerta-DGwSggfA.js	2026-10-07
Offerta-DJCVgEJr.js	2026-10-07
Offerta-DNQMUROE.js	2026-10-07
Offerta-DNf_KOTp.js	2026-10-07
Offerta-DOAWPPIN.js	2026-10-08
Offerta-DR--D2vy.js	2026-10-07
Offerta-DTDOgryi.js	2026-10-08
Offerta-DTJJXdz9.js	2026-10-08
Offerta-DTTGlXsQ.js	2026-10-07
Offerta-DUUysFFi.js	2026-10-07
Offerta-DWDEE-nB.js	2026-10-08
Offerta-Dc3HKo20.js	2026-10-10
Offerta-DfIFKfcC.js	2026-10-08
Offerta-DfNb7jAI.js	2026-10-08
Offerta-DkrFw28w.js	2026-10-08
Offerta-Dlil-GLr.js	2026-10-07
Offerta-E88OYE5X.js	2026-10-07
Offerta-E9B4589x.js	2026-10-08
Offerta-EDAybOKG.js	2026-10-10
Offerta-Ex3EXIWO.js	2026-10-09
Offerta-FXAnepeX.js	2026-10-09
Offerta-ISu4dab4.js	2026-10-07
Offerta-P5ExAsrh.js	2026-10-08
Offerta-PebjDdaa.js	2026-10-08
Offerta-S71zJPhV.js	2026-10-07
Offerta-T57dPwow.js	2026-10-07
Offerta-X07bCz76.js	2026-10-07
Offerta-XGXIPYiv.js	2026-10-08
Offerta-XOyZ1QT-.js	2026-10-10
Offerta-_3srA6s0.js	2026-10-07
Offerta-gXfZ8xJN.js	2026-10-08
Offerta-htUdQgYq.js	2026-10-08
Offerta-kTCQKDla.js	2026-10-07
Offerta-lztnuYNr.js	2026-10-09
Offerta-m1vuXT0g.js	2026-10-09
Offerta-qP86T5dO.js	2026-10-07
Offerta-skFu1zby.js	2026-10-07
Offerta-uArprOVQ.js	2026-10-08
Offerta-w8EmJbFe.js	2026-10-07
Offerta-xUCW9vxY.js	2026-10-09
Ordine-5CYUybxR.js	2026-10-08
Ordine-ABWvrbSF.js	2026-10-07
Ordine-AWe1X548.js	2026-10-10
Ordine-B154ACqC.js	2026-10-07
Ordine-B3x8H5eO.js	2026-10-07
Ordine-B4tiDjw2.js	2026-10-10
Ordine-B5Y5xX0m.js	2026-10-10
Ordine-B8SDuGd9.js	2026-10-10
Ordine-BAgo_X3q.js	2026-10-07
Ordine-BCAReuTs.js	2026-10-08
Ordine-BFPPMHCJ.js	2026-10-07
Ordine-BG4leH3x.js	2026-10-07
Ordine-BGDrupYq.js	2026-10-10
Ordine-BGtWrZmm.js	2026-10-08
Ordine-BIKHrOzC.js	2026-10-09
Ordine-BIunFoV_.js	2026-10-07
Ordine-BL5Wjuxx.js	2026-10-07
Ordine-BN1JHGiv.js	2026-10-07
Ordine-BOGhl-QT.js	2026-10-07
Ordine-BP-oWx-1.js	2026-10-07
Ordine-BWTYVciM.js	2026-10-08
Ordine-B_-qH1xh.js	2026-10-07
Ordine-BbKdSYd4.js	2026-10-07
Ordine-Bg2UjA3s.js	2026-10-07
Ordine-BivPpXfP.js	2026-10-09
Ordine-Bj25I5ce.js	2026-10-08
Ordine-Bjxj26ns.js	2026-10-07
Ordine-Bk6MADHt.js	2026-10-09
Ordine-Bl8DSEGc.js	2026-10-09
Ordine-BlP0-c_t.js	2026-10-07
Ordine-BodM7_5v.js	2026-10-08
Ordine-Bp5T2ywP.js	2026-10-07
Ordine-BqqTyHMi.js	2026-10-08
Ordine-BsGPWCTs.js	2026-10-08
Ordine-BwAc7tsW.js	2026-10-07
Ordine-C1qHdP8q.js	2026-10-09
Ordine-C5kLJRaL.js	2026-10-08
Ordine-C6IYhMmF.js	2026-10-09
Ordine-CC57w5Ij.js	2026-10-07
Ordine-CMfd7Bf5.js	2026-10-07
Ordine-CN46ptWj.js	2026-10-08
Ordine-CNFv07jC.js	2026-10-09
Ordine-CPeebGwb.js	2026-10-07
Ordine-CSpS3eX_.js	2026-10-10
Ordine-C_CPKl5q.js	2026-10-08
Ordine-CcGwAbdQ.js	2026-10-07
Ordine-Cd9ABKLi.js	2026-10-07
Ordine-Cg4bot3v.js	2026-10-09
Ordine-ClnvktbX.js	2026-10-07
Ordine-Csbuzeb5.js	2026-10-10
Ordine-CsihcuOs.js	2026-10-10
Ordine-Cu-bF-7Y.js	2026-10-09
Ordine-CuBKgHSR.js	2026-10-08
Ordine-CxMM1y9U.js	2026-10-09
Ordine-CypO4SQB.js	2026-10-07
Ordine-D1hrXAh_.js	2026-10-09
Ordine-D4DmuIRu.js	2026-10-07
Ordine-D57Vj95d.js	2026-10-08
Ordine-D5EMNRvE.js	2026-10-08
Ordine-D5uwkP3U.js	2026-10-07
Ordine-D6iV1lf-.js	2026-10-08
Ordine-D8hGJsli.js	2026-10-07
Ordine-D94Ogo4B.js	2026-10-08
Ordine-DA3K-LhL.js	2026-10-07
Ordine-DATMuPIt.js	2026-10-07
Ordine-DB4IxPr5.js	2026-10-07
Ordine-DF9BYntO.js	2026-10-08
Ordine-DLB-TPXi.js	2026-10-08
Ordine-DLZ4p_Uk.js	2026-10-09
Ordine-DOpdQX7v.js	2026-10-07
Ordine-DXRHqIJE.js	2026-10-08
Ordine-DZcKOT8p.js	2026-10-07
Ordine-D_vZ1TEu.js	2026-10-07
Ordine-DanMu0M_.js	2026-10-08
Ordine-DeC58mwm.js	2026-10-08
Ordine-Df6FXr6E.js	2026-10-07
Ordine-Dftfz897.js	2026-10-07
Ordine-Dh2NvNSC.js	2026-10-07
Ordine-Dj59f3ta.js	2026-10-08
Ordine-Dm8caotQ.js	2026-10-09
Ordine-DmCyA-no.js	2026-10-08
Ordine-DoUaD60Y.js	2026-10-07
Ordine-Dx1HB4fD.js	2026-10-07
Ordine-G9XRdOzY.js	2026-10-08
Ordine-HHVMtOqY.js	2026-10-10
Ordine-L5tiIDaN.js	2026-10-07
Ordine-R7CBNaSK.js	2026-10-08
Ordine-RaaDP-AF.js	2026-10-07
Ordine-UGA8xCep.js	2026-10-07
Ordine-WBX1DrE5.js	2026-10-07
Ordine-ZQiRn1iA.js	2026-10-07
Ordine-cAm6IgMD.js	2026-10-09
Ordine-cpc3AmrH.js	2026-10-07
Ordine-eaoCy5s9.js	2026-10-08
Ordine-m-Ntj23h.js	2026-10-09
Ordine-pyaa3SRp.js	2026-10-10
Ordine-qzWiI35J.js	2026-10-08
Ordine-zkIjM0Ba.js	2026-10-07
Ordini-1yFQia_o.js	2026-10-08
Ordini-1zku04ja.js	2026-10-08
Ordini-3yUFtTxV.js	2026-10-09
Ordini-9XDJs5lt.js	2026-10-08
Ordini-B2UfIVkb.js	2026-10-07
Ordini-B7P_nMc4.js	2026-10-07
Ordini-B7n7FC5E.js	2026-10-07
Ordini-BGYf1Y-H.js	2026-10-07
Ordini-BIZ4KOHh.js	2026-10-07
Ordini-BIrg3ytF.js	2026-10-08
Ordini-BLAfF3dt.js	2026-10-10
Ordini-BP6DTz2W.js	2026-10-07
Ordini-BSDfJ-mT.js	2026-10-07
Ordini-BWm8j_k7.js	2026-10-09
Ordini-BaScebsX.js	2026-10-09
Ordini-BbKV493Q.js	2026-10-07
Ordini-BbtY-on_.js	2026-10-07
Ordini-BhJ153wS.js	2026-10-08
Ordini-BlS9E8z8.js	2026-10-07
Ordini-Bm_05oc6.js	2026-10-07
Ordini-BoeRr4QX.js	2026-10-08
Ordini-BqwAMJPS.js	2026-10-10
Ordini-BsKljVEj.js	2026-10-07
Ordini-BuXce_4-.js	2026-10-07
Ordini-BwdvzOC7.js	2026-10-10
Ordini-C0QrPYWJ.js	2026-10-07
Ordini-C1cwwppl.js	2026-10-07
Ordini-C3FYng9I.js	2026-10-10
Ordini-CB24Y_lX.js	2026-10-09
Ordini-CCJvvp2Q.js	2026-10-08
Ordini-CC_XyGYA.js	2026-10-07
Ordini-CDB0eCEu.js	2026-10-07
Ordini-CEQ8RJdY.js	2026-10-07
Ordini-CFZrHU94.js	2026-10-08
Ordini-CGri8rP5.js	2026-10-08
Ordini-CIwZsoK6.js	2026-10-07
Ordini-CKEj0Rge.js	2026-10-08
Ordini-CM2-a8B8.js	2026-10-07
Ordini-CX_XpTAl.js	2026-10-07
Ordini-CXvfp4ho.js	2026-10-10
Ordini-CcU1Wz-7.js	2026-10-09
Ordini-ChCIcVUo.js	2026-10-10
Ordini-CmQ1YjKc.js	2026-10-08
Ordini-CnJSI8ZN.js	2026-10-07
Ordini-CoqdJ0mI.js	2026-10-08
Ordini-CotAMGpY.js	2026-10-07
Ordini-CvY5C_Bh.js	2026-10-09
Ordini-Cvp02vNP.js	2026-10-08
Ordini-CzOPpK6W.js	2026-10-10
Ordini-D--_l9wP.js	2026-10-07
Ordini-D0u-YtOh.js	2026-10-08
Ordini-D5scTvpG.js	2026-10-07
Ordini-D8slibfL.js	2026-10-09
Ordini-DDiXpEV4.js	2026-10-08
Ordini-DPrfpCZV.js	2026-10-10
Ordini-DS0RhXuV.js	2026-10-07
Ordini-DSHn56F6.js	2026-10-07
Ordini-DTKqA91I.js	2026-10-07
Ordini-DTX5fpMS.js	2026-10-07
Ordini-DTyfcxSU.js	2026-10-07
Ordini-DU4PSlAq.js	2026-10-08
Ordini-DX7gNXYA.js	2026-10-10
Ordini-DZdEKiP4.js	2026-10-08
Ordini-Db9vA0HY.js	2026-10-09
Ordini-Dee45w9G.js	2026-10-07
Ordini-DhgPjQJ7.js	2026-10-07
Ordini-DkIsNhgR.js	2026-10-07
Ordini-Dn2Nmvgf.js	2026-10-08
Ordini-DnEv969X.js	2026-10-07
Ordini-DnOcccDs.js	2026-10-07
Ordini-DpORceXu.js	2026-10-09
Ordini-DrHoW2mM.js	2026-10-07
Ordini-DsI4IhRk.js	2026-10-07
Ordini-DsWVjZPV.js	2026-10-09
Ordini-Dv_r0APW.js	2026-10-07
Ordini-DwByMQBw.js	2026-10-07
Ordini-Dwcilb7W.js	2026-10-08
Ordini-Dyd276Fo.js	2026-10-07
Ordini-GgGfYOCg.js	2026-10-07
Ordini-JQnJUCsA.js	2026-10-08
Ordini-Lmjuswbv.js	2026-10-09
Ordini-N4bro4kW.js	2026-10-08
Ordini-Q4qKi6uT.js	2026-10-08
Ordini-QH3ypGvR.js	2026-10-07
Ordini-ULMNdk1u.js	2026-10-07
Ordini-YyOtoUNs.js	2026-10-08
Ordini-_gF1GvQI.js	2026-10-08
Ordini-a6WlN0LJ.js	2026-10-07
Ordini-ajkn1_tk.js	2026-10-08
Ordini-k-R8x6ZG.js	2026-10-08
Ordini-mZoLvsRa.js	2026-10-09
Ordini-nkYnp16J.js	2026-10-07
Ordini-tmUkKrRU.js	2026-10-08
Ordini-vShy3bWU.js	2026-10-10
Ordini-vZwMSH-g.js	2026-10-09
Ordini-y01SY3x2.js	2026-10-07
Ordini-y3I7nCZb.js	2026-10-09
Ordini-zMonqt5U.js	2026-10-09
Parametri-10ajaEwa.js	2026-10-07
Parametri-2KGH8tl3.js	2026-10-08
Parametri-2jioemZS.js	2026-10-07
Parametri-5gLSyuOo.js	2026-10-08
Parametri-8lKs8XNW.js	2026-10-07
Parametri-B-0OkO_J.js	2026-10-08
Parametri-B2GfbNUE.js	2026-10-08
Parametri-B426vxEg.js	2026-10-10
Parametri-BEq1IPDf.js	2026-10-07
Parametri-BPm14RSt.js	2026-10-07
Parametri-BXJV5vKE.js	2026-10-07
Parametri-Bg-62aw6.js	2026-10-08
Parametri-BgsLGWqV.js	2026-10-07
Parametri-BirKGYAv.js	2026-10-08
Parametri-BpQxuKvp.js	2026-10-09
Parametri-BpSJ2k1P.js	2026-10-08
Parametri-BsHjqz_2.js	2026-10-08
Parametri-BunZxq9Y.js	2026-10-09
Parametri-C-35OqgF.js	2026-10-07
Parametri-C1EBuLbr.js	2026-10-07
Parametri-C1GUMDOw.js	2026-10-07
Parametri-C2Zdieqn.js	2026-10-09
Parametri-C3LzyC6X.js	2026-10-08
Parametri-C5Wke9Qs.js	2026-10-10
Parametri-C5cP2Eaj.js	2026-10-08
Parametri-C7TvEYYr.js	2026-10-07
Parametri-C8r20Lox.js	2026-10-07
Parametri-CAbkdwwg.js	2026-10-09
Parametri-CHK8AP1C.js	2026-10-07
Parametri-CJJrDGfK.js	2026-10-07
Parametri-CLHIajyH.js	2026-10-07
Parametri-CLkrjtk6.js	2026-10-09
Parametri-CLnNbkzp.js	2026-10-07
Parametri-CMGxVmBO.js	2026-10-09
Parametri-COQRabFq.js	2026-10-09
Parametri-CPWUY53f.js	2026-10-07
Parametri-CQOjx5QR.js	2026-10-08
Parametri-CSemjJsq.js	2026-10-08
Parametri-CSq_TVJ5.js	2026-10-07
Parametri-CWiUiKde.js	2026-10-07
Parametri-CXuAa8SS.js	2026-10-07
Parametri-CamGeLnB.js	2026-10-07
Parametri-Ciykk1vq.js	2026-10-07
Parametri-ClOUD_FH.js	2026-10-08
Parametri-Cpk72KEN.js	2026-10-08
Parametri-Cq7gX_FM.js	2026-10-07
Parametri-CveLrAtt.js	2026-10-08
Parametri-Cw52eT_D.js	2026-10-07
Parametri-CxvOl2fA.js	2026-10-08
Parametri-D1wcFWKq.js	2026-10-09
Parametri-D5ftoNdI.js	2026-10-09
Parametri-D5jzdtzi.js	2026-10-07
Parametri-D7f8aIw_.js	2026-10-07
Parametri-D9NFWdDw.js	2026-10-08
Parametri-DA-wXYe_.js	2026-10-10
Parametri-DG1jc1dm.js	2026-10-08
Parametri-DGbwC9Zf.js	2026-10-07
Parametri-DO2evjhg.js	2026-10-08
Parametri-DOoLx_-A.js	2026-10-07
Parametri-DPlm25iZ.js	2026-10-10
Parametri-DTBd8qx7.js	2026-10-10
Parametri-DThc20-J.js	2026-10-07
Parametri-DXgmTn6y.js	2026-10-07
Parametri-DZmtoWfe.js	2026-10-10
Parametri-DZusMAV8.js	2026-10-07
Parametri-Dbkf5R4E.js	2026-10-07
Parametri-Dc-9Yqqp.js	2026-10-07
Parametri-DcLNFA3w.js	2026-10-09
Parametri-DcbJlNaY.js	2026-10-10
Parametri-De_ESoAQ.js	2026-10-07
Parametri-DkbBktXq.js	2026-10-09
Parametri-DmjTmDRd.js	2026-10-10
Parametri-Do4Tz7H8.js	2026-10-10
Parametri-Dp3imwjL.js	2026-10-09
Parametri-DslHnmtU.js	2026-10-07
Parametri-Dt8VVFJh.js	2026-10-08
Parametri-DtMjrbIl.js	2026-10-08
Parametri-DwfV_YSR.js	2026-10-07
Parametri-DwvPcQ_k.js	2026-10-08
Parametri-Ga74DC8i.js	2026-10-07
Parametri-JfJbxPFA.js	2026-10-07
Parametri-UDsNKxeX.js	2026-10-08
Parametri-UGRofP_A.js	2026-10-07
Parametri-XxItObqR.js	2026-10-07
Parametri-YjLu0lxC.js	2026-10-08
Parametri-ZOn0thnM.js	2026-10-09
Parametri-jpfjUXif.js	2026-10-07
Parametri-kiTOd_kc.js	2026-10-08
Parametri-kxIwdrPV.js	2026-10-07
Parametri-mXyuPzmr.js	2026-10-07
Parametri-mgVCKkVL.js	2026-10-08
Parametri-pR-9N3oD.js	2026-10-07
Parametri-tCGBhlz-.js	2026-10-09
Parametri-u-HZzRN6.js	2026-10-09
Parametri-wYVXQSPK.js	2026-10-07
Parametri-y1nr_MOu.js	2026-10-07
Parametri-ycyxYTEO.js	2026-10-10
Parametri-yy49Agg_.js	2026-10-08
PartecipantiCorso--nrdlhOR.js	2026-10-07
PartecipantiCorso-0R5ahyWj.js	2026-10-09
PartecipantiCorso-3FUKzT86.js	2026-10-08
PartecipantiCorso-4pp8b_W5.js	2026-10-07
PartecipantiCorso-5Pe0s3Xu.js	2026-10-07
PartecipantiCorso-B2ze-kWs.js	2026-10-07
PartecipantiCorso-B4S9pHVr.js	2026-10-10
PartecipantiCorso-B9-iVqtA.js	2026-10-08
PartecipantiCorso-BDOBJQeJ.js	2026-10-10
PartecipantiCorso-BEnYfQR1.js	2026-10-08
PartecipantiCorso-BGiYlN63.js	2026-10-08
PartecipantiCorso-BH4Bx4J_.js	2026-10-07
PartecipantiCorso-BRdmJoCJ.js	2026-10-08
PartecipantiCorso-BSyz8-65.js	2026-10-10
PartecipantiCorso-BTloOg1H.js	2026-10-07
PartecipantiCorso-BUzLf_o_.js	2026-10-07
PartecipantiCorso-BX96lav0.js	2026-10-07
PartecipantiCorso-BaOm54bl.js	2026-10-08
PartecipantiCorso-BhGf_NYG.js	2026-10-08
PartecipantiCorso-BkzksqbD.js	2026-10-07
PartecipantiCorso-BlvUlUlx.js	2026-10-08
PartecipantiCorso-BuVpXPIa.js	2026-10-07
PartecipantiCorso-BwnDRIoN.js	2026-10-08
PartecipantiCorso-BxaE_jSW.js	2026-10-08
PartecipantiCorso-C16QW9AX.js	2026-10-07
PartecipantiCorso-C19v2Ru3.js	2026-10-08
PartecipantiCorso-C5430vCO.js	2026-10-10
PartecipantiCorso-C76f6k4P.js	2026-10-08
PartecipantiCorso-CEMUSTau.js	2026-10-07
PartecipantiCorso-CHYiadCc.js	2026-10-07
PartecipantiCorso-CNLg6UWP.js	2026-10-07
PartecipantiCorso-CPsPuGkT.js	2026-10-07
PartecipantiCorso-CQPBSLTA.js	2026-10-08
PartecipantiCorso-CQoQBRJz.js	2026-10-08
PartecipantiCorso-CVuSMjFD.js	2026-10-08
PartecipantiCorso-CeDKQQYy.js	2026-10-09
PartecipantiCorso-CepxWxgF.js	2026-10-09
PartecipantiCorso-CfGr6FpT.js	2026-10-07
PartecipantiCorso-CgdWOn0h.js	2026-10-07
PartecipantiCorso-ChDiRyg-.js	2026-10-08
PartecipantiCorso-CiLHnhgJ.js	2026-10-09
PartecipantiCorso-Cj7kHQsL.js	2026-10-08
PartecipantiCorso-CjtlTdmu.js	2026-10-07
PartecipantiCorso-CkwM0WIP.js	2026-10-10
PartecipantiCorso-CmIfbBG1.js	2026-10-07
PartecipantiCorso-CqkashSi.js	2026-10-07
PartecipantiCorso-Cu3RruTM.js	2026-10-07
PartecipantiCorso-CuP090uj.js	2026-10-09
PartecipantiCorso-D-NwIP7W.js	2026-10-10
PartecipantiCorso-D0BoqTf_.js	2026-10-09
PartecipantiCorso-D0lrHI3J.js	2026-10-07
PartecipantiCorso-D1E2z077.js	2026-10-07
PartecipantiCorso-D64aljQM.js	2026-10-07
PartecipantiCorso-D8Ru0eKD.js	2026-10-09
PartecipantiCorso-D98rKP2F.js	2026-10-08
PartecipantiCorso-DE2WKt0d.js	2026-10-08
PartecipantiCorso-DF7d3oE0.js	2026-10-09
PartecipantiCorso-DFl9D9wO.js	2026-10-10
PartecipantiCorso-DHsZq7mo.js	2026-10-07
PartecipantiCorso-DKgKXebj.js	2026-10-07
PartecipantiCorso-DLjJhyVv.js	2026-10-09
PartecipantiCorso-DSqEaZan.js	2026-10-07
PartecipantiCorso-DZLcsZl9.js	2026-10-07
PartecipantiCorso-DfYP6efc.js	2026-10-08
PartecipantiCorso-DhzWk8FL.js	2026-10-09
PartecipantiCorso-DjX_yi3k.js	2026-10-08
PartecipantiCorso-DjirPuuE.js	2026-10-09
PartecipantiCorso-DniSq3hx.js	2026-10-07
PartecipantiCorso-DnxPwHN6.js	2026-10-09
PartecipantiCorso-DoAWrgCE.js	2026-10-07
PartecipantiCorso-DoFVMA6K.js	2026-10-07
PartecipantiCorso-DrJpiS-4.js	2026-10-07
PartecipantiCorso-Du1NeKJY.js	2026-10-07
PartecipantiCorso-Du56JVwQ.js	2026-10-08
PartecipantiCorso-DumNwjwz.js	2026-10-08
PartecipantiCorso-DvigJjVj.js	2026-10-07
PartecipantiCorso-DwHEVMxf.js	2026-10-07
PartecipantiCorso-EF4B9lFP.js	2026-10-08
PartecipantiCorso-EfGK3YB5.js	2026-10-07
PartecipantiCorso-G7aCHANr.js	2026-10-07
PartecipantiCorso-KZrpXEUv.js	2026-10-08
PartecipantiCorso-L10VrsIl.js	2026-10-08
PartecipantiCorso-NimFFxoX.js	2026-10-07
PartecipantiCorso-OydaAxNE.js	2026-10-07
PartecipantiCorso-U5-QoPW9.js	2026-10-07
PartecipantiCorso-VmPWO5rP.js	2026-10-09
PartecipantiCorso-Xm-euueO.js	2026-10-10
PartecipantiCorso-YOWvw9qr.js	2026-10-09
PartecipantiCorso-dKMsXCvh.js	2026-10-10
PartecipantiCorso-dbtxecY6.js	2026-10-08
PartecipantiCorso-disABV2s.js	2026-10-07
PartecipantiCorso-kJxUAqkv.js	2026-10-07
PartecipantiCorso-mDqyKpW1.js	2026-10-07
PartecipantiCorso-nKvKQYtf.js	2026-10-07
PartecipantiCorso-sAZhADeK.js	2026-10-10
PartecipantiCorso-tdVFDyif.js	2026-10-07
PartecipantiCorso-uQDS6IoX.js	2026-10-07
PartecipantiCorso-vTYqe8aI.js	2026-10-09
PianoTecnici--i4JYwCB.js	2026-10-08
PianoTecnici-0Eaap9MK.js	2026-10-07
PianoTecnici-0YWce2ei.js	2026-10-07
PianoTecnici-73-gJlrN.js	2026-10-10
PianoTecnici-B-oXC6jk.js	2026-10-07
PianoTecnici-B2EQsEBh.js	2026-10-07
PianoTecnici-B9T_naty.js	2026-10-09
PianoTecnici-B9hK3iNP.js	2026-10-07
PianoTecnici-BCKv0Eqn.js	2026-10-07
PianoTecnici-BHvvTEXP.js	2026-10-09
PianoTecnici-BIeKFPjn.js	2026-10-07
PianoTecnici-BIfXGB37.js	2026-10-10
PianoTecnici-BIlzFuFd.js	2026-10-09
PianoTecnici-BLykGKbv.js	2026-10-07
PianoTecnici-BQlPpL8p.js	2026-10-08
PianoTecnici-BTsuNvee.js	2026-10-07
PianoTecnici-BYhFpGhV.js	2026-10-08
PianoTecnici-B_T-xHn9.js	2026-10-09
PianoTecnici-BavLGLEA.js	2026-10-07
PianoTecnici-Bbfnnxke.js	2026-10-07
PianoTecnici-Bcm7S8ES.js	2026-10-10
PianoTecnici-BdjMiLGf.js	2026-10-08
PianoTecnici-BhXJjr_w.js	2026-10-08
PianoTecnici-BsR2q3S-.js	2026-10-09
PianoTecnici-BwtpIxik.js	2026-10-07
PianoTecnici-BynhXeFU.js	2026-10-08
PianoTecnici-C05hI5Ln.js	2026-10-09
PianoTecnici-C1noKhy3.js	2026-10-07
PianoTecnici-C21i92s0.js	2026-10-10
PianoTecnici-C4izf6Nb.js	2026-10-08
PianoTecnici-C7nmB_4J.js	2026-10-08
PianoTecnici-CGzqUAXV.js	2026-10-07
PianoTecnici-CPFg64L8.js	2026-10-07
PianoTecnici-CSq9oDSY.js	2026-10-07
PianoTecnici-CVa86P8E.js	2026-10-08
PianoTecnici-CVq977wN.js	2026-10-08
PianoTecnici-CXzPWpyb.js	2026-10-07
PianoTecnici-CbTKoHhn.js	2026-10-09
PianoTecnici-CgHNyWtu.js	2026-10-07
PianoTecnici-CiUsBEBR.js	2026-10-08
PianoTecnici-CjOQxxw0.js	2026-10-07
PianoTecnici-Cr4mID6T.js	2026-10-10
PianoTecnici-CrKUdfQS.js	2026-10-07
PianoTecnici-Cu19N00s.js	2026-10-07
PianoTecnici-CukeaGck.js	2026-10-09
PianoTecnici-CzT9XS1K.js	2026-10-08
PianoTecnici-CzX8cOXv.js	2026-10-07
PianoTecnici-D1cV4ET1.js	2026-10-10
PianoTecnici-D2fOMRyj.js	2026-10-07
PianoTecnici-D7MgMZAB.js	2026-10-09
PianoTecnici-DA12j_7a.js	2026-10-07
PianoTecnici-DA800eqy.js	2026-10-07
PianoTecnici-DC7kR_42.js	2026-10-09
PianoTecnici-DHjhQinl.js	2026-10-07
PianoTecnici-DIAvKIn9.js	2026-10-08
PianoTecnici-DJh5eiir.js	2026-10-09
PianoTecnici-DKS_pv2a.js	2026-10-07
PianoTecnici-DN0pCeEL.js	2026-10-10
PianoTecnici-DOBSdstA.js	2026-10-08
PianoTecnici-DOh-JQV-.js	2026-10-07
PianoTecnici-DPqqlOg-.js	2026-10-09
PianoTecnici-D_2wIwbk.js	2026-10-09
PianoTecnici-Db4SP03b.js	2026-10-09
PianoTecnici-DbV6dkRx.js	2026-10-08
PianoTecnici-DhBmbIkX.js	2026-10-08
PianoTecnici-DhomdZfa.js	2026-10-07
PianoTecnici-DikU6mGm.js	2026-10-07
PianoTecnici-DkMU-CZZ.js	2026-10-08
PianoTecnici-DnB-_Yfp.js	2026-10-07
PianoTecnici-Do0hFURf.js	2026-10-08
PianoTecnici-Dp0zVWkI.js	2026-10-08
PianoTecnici-DpcJkZb8.js	2026-10-08
PianoTecnici-DueInCfY.js	2026-10-07
PianoTecnici-DzU2WIQ_.js	2026-10-08
PianoTecnici-E-_cuGTD.js	2026-10-07
PianoTecnici-H1uuIPow.js	2026-10-08
PianoTecnici-HH-VijPx.js	2026-10-07
PianoTecnici-JJrukd_M.js	2026-10-07
PianoTecnici-Pv_hK8p6.js	2026-10-07
PianoTecnici-Q4yqyvVL.js	2026-10-10
PianoTecnici-QPMY_Gl1.js	2026-10-07
PianoTecnici-QPl01jKa.js	2026-10-07
PianoTecnici-QsX_HsP0.js	2026-10-08
PianoTecnici-T9ZfPN0k.js	2026-10-08
PianoTecnici-TqDWeQDM.js	2026-10-07
PianoTecnici-XoSkE-nK.js	2026-10-10
PianoTecnici-Ze5SK6qS.js	2026-10-08
PianoTecnici-aS6N9-cz.js	2026-10-07
PianoTecnici-ayqTpJye.js	2026-10-07
PianoTecnici-d0wz3dXE.js	2026-10-07
PianoTecnici-ic6e4AIE.js	2026-10-09
PianoTecnici-lfdFNI-G.js	2026-10-08
PianoTecnici-m390VJIv.js	2026-10-07
PianoTecnici-oX6vxOID.js	2026-10-07
PianoTecnici-ovNW9pJy.js	2026-10-07
PianoTecnici-sMamswPm.js	2026-10-07
PianoTecnici-u4JWGz1r.js	2026-10-10
PianoTecnici-yqO4-NuF.js	2026-10-08
ProvvigioniNegative-1Jxk623i.js	2026-10-07
ProvvigioniNegative-8fLUofLd.js	2026-10-08
ProvvigioniNegative-B-SgIum7.js	2026-10-07
ProvvigioniNegative-B0G26m3u.js	2026-10-07
ProvvigioniNegative-B8OaZQVc.js	2026-10-08
ProvvigioniNegative-B9qtPGRm.js	2026-10-07
ProvvigioniNegative-BAJw3IeO.js	2026-10-08
ProvvigioniNegative-BCDCkMhD.js	2026-10-07
ProvvigioniNegative-BFZrQLvC.js	2026-10-07
ProvvigioniNegative-BGHAgNpI.js	2026-10-07
ProvvigioniNegative-BIDproFU.js	2026-10-08
ProvvigioniNegative-BJb6iXsm.js	2026-10-08
ProvvigioniNegative-BM30Vrzd.js	2026-10-07
ProvvigioniNegative-BSAEKSqA.js	2026-10-07
ProvvigioniNegative-BXWLARQw.js	2026-10-08
ProvvigioniNegative-BXdyO1bW.js	2026-10-07
ProvvigioniNegative-BZIT-sCa.js	2026-10-08
ProvvigioniNegative-BZTw-ej7.js	2026-10-09
ProvvigioniNegative-BdaeD-Pv.js	2026-10-10
ProvvigioniNegative-BdzX8Mh4.js	2026-10-09
ProvvigioniNegative-BiEvksxt.js	2026-10-07
ProvvigioniNegative-BiRFum18.js	2026-10-07
ProvvigioniNegative-BiXahWtn.js	2026-10-07
ProvvigioniNegative-Bo9z2osM.js	2026-10-07
ProvvigioniNegative-BrKf1gy8.js	2026-10-07
ProvvigioniNegative-BrsknR3i.js	2026-10-07
ProvvigioniNegative-BsCZcmfZ.js	2026-10-07
ProvvigioniNegative-BsJJGcig.js	2026-10-07
ProvvigioniNegative-C-RtRp7Q.js	2026-10-07
ProvvigioniNegative-CB_ivvlJ.js	2026-10-07
ProvvigioniNegative-CEOAKeZE.js	2026-10-08
ProvvigioniNegative-CG4p_LgP.js	2026-10-08
ProvvigioniNegative-CL20cCVZ.js	2026-10-08
ProvvigioniNegative-CMla1Gru.js	2026-10-09
ProvvigioniNegative-CMtWbE7X.js	2026-10-10
ProvvigioniNegative-COEzTN94.js	2026-10-08
ProvvigioniNegative-COYd_NAI.js	2026-10-07
ProvvigioniNegative-CPW8XxZO.js	2026-10-09
ProvvigioniNegative-CSiCU74X.js	2026-10-07
ProvvigioniNegative-CWCa77SG.js	2026-10-08
ProvvigioniNegative-CXhVG_M-.js	2026-10-10
ProvvigioniNegative-CZ2EhYic.js	2026-10-07
ProvvigioniNegative-CZrU70p-.js	2026-10-09
ProvvigioniNegative-CbzdSy8z.js	2026-10-08
ProvvigioniNegative-CdlnLJ0k.js	2026-10-09
ProvvigioniNegative-CdnXRhTS.js	2026-10-07
ProvvigioniNegative-ClewOGMT.js	2026-10-07
ProvvigioniNegative-CmnPdCY7.js	2026-10-09
ProvvigioniNegative-Cn2F19OA.js	2026-10-09
ProvvigioniNegative-Co_6D0vt.js	2026-10-10
ProvvigioniNegative-CqctdoK5.js	2026-10-10
ProvvigioniNegative-Cqh6z7RF.js	2026-10-07
ProvvigioniNegative-CuJKBnAW.js	2026-10-08
ProvvigioniNegative-CyudcrDS.js	2026-10-07
ProvvigioniNegative-CzU6zrFZ.js	2026-10-08
ProvvigioniNegative-D3c4ClQH.js	2026-10-07
ProvvigioniNegative-D5N-eM5N.js	2026-10-07
ProvvigioniNegative-D7XFmk6V.js	2026-10-08
ProvvigioniNegative-D7bqVEP_.js	2026-10-09
ProvvigioniNegative-D8Gbc0gb.js	2026-10-07
ProvvigioniNegative-DD1b8Glp.js	2026-10-07
ProvvigioniNegative-DKAEmCyY.js	2026-10-09
ProvvigioniNegative-DL3gHn7w.js	2026-10-07
ProvvigioniNegative-DN5gVxS0.js	2026-10-10
ProvvigioniNegative-DRBkvTYA.js	2026-10-09
ProvvigioniNegative-DSwpsGER.js	2026-10-10
ProvvigioniNegative-DTMcDEgF.js	2026-10-07
ProvvigioniNegative-DXTD65Av.js	2026-10-07
ProvvigioniNegative-D_Tepew_.js	2026-10-08
ProvvigioniNegative-DfG8lPgt.js	2026-10-07
ProvvigioniNegative-Dg9P1inq.js	2026-10-08
ProvvigioniNegative-Dhx9_cWQ.js	2026-10-08
ProvvigioniNegative-Dpg6y5YW.js	2026-10-07
ProvvigioniNegative-Ds43JcUs.js	2026-10-08
ProvvigioniNegative-Dz23O1Xq.js	2026-10-08
ProvvigioniNegative-EFJSjwUE.js	2026-10-07
ProvvigioniNegative-HEP7SyIF.js	2026-10-07
ProvvigioniNegative-Hqz1za6v.js	2026-10-08
ProvvigioniNegative-JGb51fyz.js	2026-10-08
ProvvigioniNegative-OepWKakE.js	2026-10-08
ProvvigioniNegative-Pra30GNh.js	2026-10-07
ProvvigioniNegative-S8UUejMo.js	2026-10-09
ProvvigioniNegative-TFye2GH6.js	2026-10-10
ProvvigioniNegative-Y-sT7_DJ.js	2026-10-09
ProvvigioniNegative-_8sC1G1Y.js	2026-10-08
ProvvigioniNegative-crjXafc8.js	2026-10-07
ProvvigioniNegative-eSYOmYru.js	2026-10-09
ProvvigioniNegative-h98wfADN.js	2026-10-07
ProvvigioniNegative-iPaqqspU.js	2026-10-07
ProvvigioniNegative-nAKdSBXw.js	2026-10-10
ProvvigioniNegative-pIkN0uqV.js	2026-10-08
ProvvigioniNegative-pK9GZeLj.js	2026-10-07
ProvvigioniNegative-q4oXGn4D.js	2026-10-07
ProvvigioniNegative-qZ0hn7F7.js	2026-10-10
ProvvigioniNegative-tDuWMOgC.js	2026-10-08
ProvvigioniNegative-uMR1eOUc.js	2026-10-07
ProvvigioniNegative-vd9JdpSs.js	2026-10-07
ProvvigioniNegative-x6cQFBAz.js	2026-10-09
ReportSociDettaglio-7I_tyE8i.js	2026-10-07
ReportSociDettaglio-B-YaTVfh.js	2026-10-07
ReportSociDettaglio-B20_-DG_.js	2026-10-07
ReportSociDettaglio-B60cx3VL.js	2026-10-09
ReportSociDettaglio-BByfPkdv.js	2026-10-07
ReportSociDettaglio-BFVB8MiF.js	2026-10-08
ReportSociDettaglio-BHLcC3qc.js	2026-10-10
ReportSociDettaglio-BJydKKVY.js	2026-10-08
ReportSociDettaglio-BKW6f2Pf.js	2026-10-08
ReportSociDettaglio-BPMmDIlk.js	2026-10-08
ReportSociDettaglio-BTHMZ3DL.js	2026-10-07
ReportSociDettaglio-BXMDp6rp.js	2026-10-07
ReportSociDettaglio-BXd970Nl.js	2026-10-07
ReportSociDettaglio-BXdA_i_4.js	2026-10-07
ReportSociDettaglio-BYUC9Nrx.js	2026-10-08
ReportSociDettaglio-BZzPfzOD.js	2026-10-09
ReportSociDettaglio-BbX6CKNd.js	2026-10-07
ReportSociDettaglio-BcQe8f-Z.js	2026-10-09
ReportSociDettaglio-BefiiNWD.js	2026-10-09
ReportSociDettaglio-Bf1i0zD_.js	2026-10-07
ReportSociDettaglio-BgN8SnmN.js	2026-10-08
ReportSociDettaglio-Boyg5WBW.js	2026-10-08
ReportSociDettaglio-Bq-0XGS3.js	2026-10-07
ReportSociDettaglio-BsJ-pXd7.js	2026-10-07
ReportSociDettaglio-Bxuwi_Nr.js	2026-10-08
ReportSociDettaglio-Bzz7-8Ns.js	2026-10-07
ReportSociDettaglio-C1BsxrsV.js	2026-10-08
ReportSociDettaglio-C2ihDHcs.js	2026-10-07
ReportSociDettaglio-C3wk-Fvp.js	2026-10-08
ReportSociDettaglio-C5MFXgAz.js	2026-10-09
ReportSociDettaglio-C6MMfJQA.js	2026-10-08
ReportSociDettaglio-CFXPOFij.js	2026-10-07
ReportSociDettaglio-CIaPIAq6.js	2026-10-07
ReportSociDettaglio-CJIniD3g.js	2026-10-08
ReportSociDettaglio-CJLuf0rI.js	2026-10-07
ReportSociDettaglio-CKSXwCG5.js	2026-10-07
ReportSociDettaglio-CN7XUymQ.js	2026-10-10
ReportSociDettaglio-COzG3y6N.js	2026-10-10
ReportSociDettaglio-CQ4wSY0o.js	2026-10-09
ReportSociDettaglio-CUaksc6S.js	2026-10-07
ReportSociDettaglio-CVZGHrBZ.js	2026-10-09
ReportSociDettaglio-CZRBE1C7.js	2026-10-07
ReportSociDettaglio-CcArh1A_.js	2026-10-07
ReportSociDettaglio-Ccb_Jv2_.js	2026-10-09
ReportSociDettaglio-Cd12F0u2.js	2026-10-07
ReportSociDettaglio-CePJpqZH.js	2026-10-07
ReportSociDettaglio-CfsUOIV7.js	2026-10-08
ReportSociDettaglio-CgGTtHRh.js	2026-10-07
ReportSociDettaglio-CgtbQZAK.js	2026-10-08
ReportSociDettaglio-ChkMd39K.js	2026-10-07
ReportSociDettaglio-Cj0XX2E1.js	2026-10-08
ReportSociDettaglio-ClnNAgFj.js	2026-10-07
ReportSociDettaglio-Cnfyk46C.js	2026-10-07
ReportSociDettaglio-CreNvdpH.js	2026-10-10
ReportSociDettaglio-CtSAGozJ.js	2026-10-07
ReportSociDettaglio-CxN8w_jC.js	2026-10-07
ReportSociDettaglio-Cy_D8QbF.js	2026-10-08
ReportSociDettaglio-CzI3OWfS.js	2026-10-09
ReportSociDettaglio-D20YLLOA.js	2026-10-07
ReportSociDettaglio-D2xInDGG.js	2026-10-10
ReportSociDettaglio-D3828cR7.js	2026-10-08
ReportSociDettaglio-D7UemVqS.js	2026-10-10
ReportSociDettaglio-D8J90pyh.js	2026-10-07
ReportSociDettaglio-DAxMm1TL.js	2026-10-08
ReportSociDettaglio-DCl8UZqE.js	2026-10-07
ReportSociDettaglio-DDEKi_Km.js	2026-10-09
ReportSociDettaglio-DJUk8_17.js	2026-10-10
ReportSociDettaglio-DLNWCp7m.js	2026-10-09
ReportSociDettaglio-DP0z9iyZ.js	2026-10-08
ReportSociDettaglio-DTfeMh-p.js	2026-10-07
ReportSociDettaglio-DYXkRWI8.js	2026-10-10
ReportSociDettaglio-DbZNp3bf.js	2026-10-07
ReportSociDettaglio-DnvcuXbo.js	2026-10-07
ReportSociDettaglio-DoVDz_n7.js	2026-10-08
ReportSociDettaglio-DpBdXa8c.js	2026-10-07
ReportSociDettaglio-DtjQZpxd.js	2026-10-07
ReportSociDettaglio-DuElvxGG.js	2026-10-08
ReportSociDettaglio-DuWA3ZW4.js	2026-10-10
ReportSociDettaglio-DuYwMBRl.js	2026-10-07
ReportSociDettaglio-Dv8QlOAq.js	2026-10-07
ReportSociDettaglio-DzYmol6_.js	2026-10-07
ReportSociDettaglio-Kf_ggWxt.js	2026-10-09
ReportSociDettaglio-OTyPfWo2.js	2026-10-08
ReportSociDettaglio-RQIXIwCr.js	2026-10-07
ReportSociDettaglio-VegVosUf.js	2026-10-09
ReportSociDettaglio-Vze2Y378.js	2026-10-08
ReportSociDettaglio-aMbaQ1z_.js	2026-10-08
ReportSociDettaglio-cB3uOBfm.js	2026-10-09
ReportSociDettaglio-chgdhbxH.js	2026-10-08
ReportSociDettaglio-epyV2Vkv.js	2026-10-07
ReportSociDettaglio-fnjsUPtg.js	2026-10-07
ReportSociDettaglio-i4i8xaar.js	2026-10-07
ReportSociDettaglio-iOL7dPqj.js	2026-10-10
ReportSociDettaglio-k1au0OJs.js	2026-10-08
ReportSociDettaglio-ooqyWEBI.js	2026-10-07
ReportSociDettaglio-s3PgmGzq.js	2026-10-08
ReportSociDettaglio-wZxM10RD.js	2026-10-07
ReportSociDettaglio-yWf5Uwxc.js	2026-10-09
Rito-1D6S-pGn.js	2026-10-09
Rito-2zQa1Z2a.js	2026-10-07
Rito-7DoKVLX8.js	2026-10-07
Rito-86jlQsFf.js	2026-10-10
Rito-B-7zS1WF.js	2026-10-07
Rito-B3iMp_LT.js	2026-10-09
Rito-B5hPfrfD.js	2026-10-08
Rito-BBkI926N.js	2026-10-08
Rito-BCEZIUWi.js	2026-10-08
Rito-BDhUylIW.js	2026-10-08
Rito-BGEd_W6n.js	2026-10-07
Rito-BJl38Dnp.js	2026-10-07
Rito-BK740m8y.js	2026-10-07
Rito-BLcgz-XE.js	2026-10-08
Rito-BLdXwNck.js	2026-10-08
Rito-BTEqXu-A.js	2026-10-07
Rito-BW_reoP_.js	2026-10-10
Rito-BYNgjgQf.js	2026-10-07
Rito-B_gYAkDl.js	2026-10-08
Rito-B_vBx5Hg.js	2026-10-07
Rito-Bcl0PiZj.js	2026-10-09
Rito-BhIkE5BZ.js	2026-10-07
Rito-Bj1joOI9.js	2026-10-07
Rito-BkcPJrxU.js	2026-10-09
Rito-Bl0ansyE.js	2026-10-07
Rito-Bl6lIx7H.js	2026-10-08
Rito-Bpf5mt1e.js	2026-10-07
Rito-Bqx_6epy.js	2026-10-08
Rito-BrSF8HcT.js	2026-10-08
Rito-BstxMr4n.js	2026-10-07
Rito-BwIFu0_H.js	2026-10-07
Rito-C5RojnBm.js	2026-10-07
Rito-C7_4-2_Y.js	2026-10-08
Rito-C9jpMh7L.js	2026-10-09
Rito-CBF_qhUE.js	2026-10-08
Rito-CBIcENrk.js	2026-10-10
Rito-CE38L1ce.js	2026-10-07
Rito-CEGjY7aA.js	2026-10-07
Rito-CEeqLtIa.js	2026-10-08
Rito-CITC34BD.js	2026-10-09
Rito-CK6jWbpj.js	2026-10-09
Rito-CKPgJ24G.js	2026-10-09
Rito-CNShdjVW.js	2026-10-07
Rito-CQsY9k97.js	2026-10-10
Rito-CYXn5zPz.js	2026-10-08
Rito-CZvCazwr.js	2026-10-08
Rito-Ca1hhqOv.js	2026-10-07
Rito-CgD1UH_O.js	2026-10-08
Rito-CiDJTWT2.js	2026-10-08
Rito-Cips6nQw.js	2026-10-07
Rito-CnPoi_bJ.js	2026-10-09
Rito-CqHc8ufm.js	2026-10-08
Rito-CuWR068J.js	2026-10-10
Rito-D-fbq-j8.js	2026-10-09
Rito-D3ESVQhV.js	2026-10-09
Rito-D5eSj74X.js	2026-10-07
Rito-D67gjDl5.js	2026-10-07
Rito-D7R5E_fx.js	2026-10-09
Rito-D9FENC4Z.js	2026-10-09
Rito-DAQ2G45_.js	2026-10-08
Rito-DCBvsugz.js	2026-10-08
Rito-DCzNHZUw.js	2026-10-10
Rito-DDV-5xpH.js	2026-10-07
Rito-DH2otwk7.js	2026-10-10
Rito-DJGDE8vp.js	2026-10-07
Rito-DVK70Au-.js	2026-10-08
Rito-DVqjiWAT.js	2026-10-08
Rito-DZ7oBb4R.js	2026-10-07
Rito-DZsdliUt.js	2026-10-07
Rito-DevzPbLy.js	2026-10-07
Rito-DftTuh03.js	2026-10-07
Rito-DkBryTXn.js	2026-10-08
Rito-DkdxG3Uo.js	2026-10-07
Rito-DoYRWO0-.js	2026-10-10
Rito-Duf4UXzB.js	2026-10-07
Rito-IbwtZOVF.js	2026-10-09
Rito-JCWJ9AX4.js	2026-10-10
Rito-JyVY9xK_.js	2026-10-07
Rito-NkARFcOc.js	2026-10-08
Rito-TTAVhRwE.js	2026-10-07
Rito-TTm0OCr5.js	2026-10-07
Rito-Td2hMySE.js	2026-10-07
Rito-VRfiNMTn.js	2026-10-07
Rito-WE6kITMs.js	2026-10-08
Rito-XN0yF7Po.js	2026-10-08
Rito-_ReJNn3z.js	2026-10-07
Rito-g-Ir1VZ8.js	2026-10-07
Rito-hXLJP5QN.js	2026-10-10
Rito-iZlhEDRG.js	2026-10-07
Rito-jjfExLeU.js	2026-10-07
Rito-kXL7Q9W3.js	2026-10-08
Rito-kcYnoTXw.js	2026-10-07
Rito-o98rX0OA.js	2026-10-07
Rito-oInxhdnZ.js	2026-10-07
Rito-rD8ghXDr.js	2026-10-09
Rito-s6qsR0Nr.js	2026-10-07
Rito-u4TRqZwj.js	2026-10-07
Rito-zP04B6Tb.js	2026-10-07
RiunioneDv-1desid6R.js	2026-10-09
RiunioneDv-2OfCYL7-.js	2026-10-09
RiunioneDv-37VzL7xz.js	2026-10-09
RiunioneDv-5eyB3TKK.js	2026-10-10
RiunioneDv-7CnlP9sB.js	2026-10-10
RiunioneDv-Bcy2jIAX.js	2026-10-09
RiunioneDv-BewWaS9t.js	2026-10-09
RiunioneDv-BnzV711E.js	2026-10-10
RiunioneDv-Bq3uueVN.js	2026-10-09
RiunioneDv-Bt0MIL6E.js	2026-10-10
RiunioneDv-Bv_MJfDP.js	2026-10-09
RiunioneDv-C0nzsX2E.js	2026-10-10
RiunioneDv-C2-kOOOG.js	2026-10-09
RiunioneDv-C6FGcDGv.js	2026-10-09
RiunioneDv-C8WpkunX.js	2026-10-10
RiunioneDv-CFTzCmXE.js	2026-10-08
RiunioneDv-CTKOtzf8.js	2026-10-10
RiunioneDv-Ce790cvu.js	2026-10-09
RiunioneDv-CptRhB9F.js	2026-10-08
RiunioneDv-CrGF37Bd.js	2026-10-09
RiunioneDv-D5L43Wnd.js	2026-10-10
RiunioneDv-DZ97iE_-.js	2026-10-09
RiunioneDv-DZgGVZwB.js	2026-10-09
RiunioneDv-DfFowXZV.js	2026-10-08
RiunioneDv-DfhDg1Iw.js	2026-10-08
RiunioneDv-Dj4WRu6N.js	2026-10-08
RiunioneDv-DknQ2cNk.js	2026-10-10
RiunioneDv-DyKIpyhz.js	2026-10-09
RiunioneDv-Pl0WmXf5.js	2026-10-10
RiunioneDv-bljiVqJT.js	2026-10-09
ScansioneServer--7HmVlFy.js	2026-10-07
ScansioneServer-0MS7VYWr.js	2026-10-10
ScansioneServer-2a-0yhqK.js	2026-10-08
ScansioneServer-2aLKRDgQ.js	2026-10-08
ScansioneServer-B4J4uDEV.js	2026-10-07
ScansioneServer-B4cgOpT-.js	2026-10-09
ScansioneServer-B5SBEvTu.js	2026-10-07
ScansioneServer-BCS8g058.js	2026-10-08
ScansioneServer-BFHMhEJY.js	2026-10-07
ScansioneServer-BGEozBVL.js	2026-10-10
ScansioneServer-BGGKx5aI.js	2026-10-09
ScansioneServer-BGcWgqYB.js	2026-10-09
ScansioneServer-BLSuQuV2.js	2026-10-09
ScansioneServer-BRUgTja4.js	2026-10-09
ScansioneServer-BSA5Ng7R.js	2026-10-07
ScansioneServer-BUeZPMFo.js	2026-10-07
ScansioneServer-BVK3eac9.js	2026-10-07
ScansioneServer-BaC4FoDK.js	2026-10-07
ScansioneServer-Bbw7p-m9.js	2026-10-07
ScansioneServer-BeblfiWf.js	2026-10-07
ScansioneServer-BgFTgmC3.js	2026-10-09
ScansioneServer-BgLwdatj.js	2026-10-07
ScansioneServer-BiIKZQXK.js	2026-10-09
ScansioneServer-Bn-lonaL.js	2026-10-07
ScansioneServer-Bthtl9ar.js	2026-10-07
ScansioneServer-BumqwiPJ.js	2026-10-08
ScansioneServer-Bw8odWo9.js	2026-10-10
ScansioneServer-C-4DyQiv.js	2026-10-08
ScansioneServer-C-knZn8u.js	2026-10-07
ScansioneServer-C3vaXYpf.js	2026-10-08
ScansioneServer-C9SWOou3.js	2026-10-08
ScansioneServer-CF1QRvVM.js	2026-10-07
ScansioneServer-CIftDx21.js	2026-10-10
ScansioneServer-CLvLwpJP.js	2026-10-09
ScansioneServer-CM0gg7wX.js	2026-10-07
ScansioneServer-CMLvG1Hn.js	2026-10-07
ScansioneServer-CNeOEMNc.js	2026-10-09
ScansioneServer-CNm9_Gpw.js	2026-10-07
ScansioneServer-CPtIncYQ.js	2026-10-08
ScansioneServer-CQTcKlIn.js	2026-10-07
ScansioneServer-CSCL98Zq.js	2026-10-07
ScansioneServer-CTIeWexl.js	2026-10-07
ScansioneServer-CU8Fjd8y.js	2026-10-08
ScansioneServer-CUcceZIR.js	2026-10-08
ScansioneServer-CUy-NTgE.js	2026-10-07
ScansioneServer-CXdoSCqo.js	2026-10-08
ScansioneServer-CYq60Xwi.js	2026-10-10
ScansioneServer-CZVKvBIc.js	2026-10-08
ScansioneServer-CahiC7-A.js	2026-10-09
ScansioneServer-Cc9qKfih.js	2026-10-07
ScansioneServer-CcEjeS3p.js	2026-10-07
ScansioneServer-CdoUaB8Q.js	2026-10-07
ScansioneServer-Ce2HOWYz.js	2026-10-07
ScansioneServer-Cl-dIGSq.js	2026-10-08
ScansioneServer-CmLfwY54.js	2026-10-08
ScansioneServer-CnUSE06l.js	2026-10-09
ScansioneServer-CqVUuxZx.js	2026-10-07
ScansioneServer-Ct1dt-iQ.js	2026-10-09
ScansioneServer-CviJQrYc.js	2026-10-07
ScansioneServer-CwkiYpX9.js	2026-10-07
ScansioneServer-Cy-bS89b.js	2026-10-07
ScansioneServer-D-xYnwct.js	2026-10-10
ScansioneServer-D7jsEb3z.js	2026-10-07
ScansioneServer-D8hw0nPW.js	2026-10-08
ScansioneServer-D9TiQUTw.js	2026-10-07
ScansioneServer-DAGZzPMO.js	2026-10-08
ScansioneServer-DC6p-GCx.js	2026-10-10
ScansioneServer-DD9GItzb.js	2026-10-08
ScansioneServer-DHag-NIZ.js	2026-10-08
ScansioneServer-DI8jygIi.js	2026-10-09
ScansioneServer-DK9Qsyy6.js	2026-10-07
ScansioneServer-DSZco62e.js	2026-10-10
ScansioneServer-DTy23bkX.js	2026-10-08
ScansioneServer-DVl26Bku.js	2026-10-07
ScansioneServer-DWa7Vqoz.js	2026-10-07
ScansioneServer-DXX0Et2k.js	2026-10-07
ScansioneServer-D_NWc3Xo.js	2026-10-08
ScansioneServer-DaAYSCOO.js	2026-10-08
ScansioneServer-DaXnZMFN.js	2026-10-09
ScansioneServer-Dbh5ORyO.js	2026-10-07
ScansioneServer-Dc6G-TXx.js	2026-10-10
ScansioneServer-DcmPtP3H.js	2026-10-07
ScansioneServer-DgWfKzOA.js	2026-10-07
ScansioneServer-DidVuWBx.js	2026-10-07
ScansioneServer-Dnk2rO1w.js	2026-10-07
ScansioneServer-GttLHokr.js	2026-10-07
ScansioneServer-HB3MACv4.js	2026-10-08
ScansioneServer-K6ZlFdKB.js	2026-10-08
ScansioneServer-RXslFjTH.js	2026-10-10
ScansioneServer-W2C0pM7Q.js	2026-10-08
ScansioneServer-_MSetSbM.js	2026-10-07
ScansioneServer-ag0ywQdB.js	2026-10-08
ScansioneServer-bzNStB4r.js	2026-10-07
ScansioneServer-hm4ROSwY.js	2026-10-07
ScansioneServer-knCs1b3O.js	2026-10-07
ScansioneServer-o7B0Zpdq.js	2026-10-08
ScansioneServer-rnQst466.js	2026-10-09
ScansioneServer-u4GNUOqQ.js	2026-10-08
Servizi-15mZ1sIK.js	2026-10-08
Servizi-1Scupyno.js	2026-10-09
Servizi-8GDWZvyE.js	2026-10-07
Servizi-AjR15niJ.js	2026-10-09
Servizi-B-5zDmOJ.js	2026-10-08
Servizi-B0RP3Bvp.js	2026-10-07
Servizi-B1qmS4u7.js	2026-10-08
Servizi-B3A9N8Li.js	2026-10-09
Servizi-B6K8CLpF.js	2026-10-09
Servizi-B8Fv1CBs.js	2026-10-08
Servizi-BCrefczf.js	2026-10-09
Servizi-BFErvmhV.js	2026-10-09
Servizi-BJAHH1g2.js	2026-10-07
Servizi-BJF2tF4L.js	2026-10-08
Servizi-BPueM8EE.js	2026-10-07
Servizi-BRW5mq0z.js	2026-10-07
Servizi-BStlEBkb.js	2026-10-07
Servizi-BVPPf9Jg.js	2026-10-08
Servizi-BXt95Ah3.js	2026-10-08
Servizi-BgLPvk2-.js	2026-10-09
Servizi-Bl9cJwGL.js	2026-10-07
Servizi-BmUJG459.js	2026-10-07
Servizi-Bmza7pcs.js	2026-10-08
Servizi-Bpvvyqnv.js	2026-10-07
Servizi-ByK5l8oB.js	2026-10-07
Servizi-C0PrtdQm.js	2026-10-07
Servizi-C1iOgF1N.js	2026-10-07
Servizi-C7BBz3dk.js	2026-10-07
Servizi-C7qFzQiH.js	2026-10-07
Servizi-CA21PEYm.js	2026-10-07
Servizi-CA9Bs1AE.js	2026-10-07
Servizi-CDs_dZnG.js	2026-10-07
Servizi-CERTD0na.js	2026-10-07
Servizi-CG41KGDs.js	2026-10-07
Servizi-CHSo-aIO.js	2026-10-07
Servizi-CHemUilp.js	2026-10-09
Servizi-COqLryKy.js	2026-10-08
Servizi-CPgdeUHO.js	2026-10-07
Servizi-CQ5lODLC.js	2026-10-09
Servizi-CRr9kwFp.js	2026-10-10
Servizi-CSVi-p57.js	2026-10-09
Servizi-CWGfGIUy.js	2026-10-07
Servizi-CXF1tcV4.js	2026-10-07
Servizi-CXpL5yd1.js	2026-10-08
Servizi-CYho-9Ry.js	2026-10-08
Servizi-Ca4RlJSl.js	2026-10-07
Servizi-Ce2NpeSZ.js	2026-10-07
Servizi-Cls-aUs-.js	2026-10-07
Servizi-CmZgT3Xc.js	2026-10-07
Servizi-CmqM_WLa.js	2026-10-08
Servizi-CogCGPMp.js	2026-10-10
Servizi-CsSdtc3e.js	2026-10-07
Servizi-Csc0MY5M.js	2026-10-07
Servizi-CwtWHw8d.js	2026-10-07
Servizi-CyIHifi9.js	2026-10-08
Servizi-D0E2qcRh.js	2026-10-10
Servizi-D1twKu9k.js	2026-10-07
Servizi-D2wH4zzk.js	2026-10-10
Servizi-DCmPQsrW.js	2026-10-08
Servizi-DDMACTbD.js	2026-10-07
Servizi-DIlr6NSQ.js	2026-10-07
Servizi-DNwiWMtS.js	2026-10-07
Servizi-DOr8fOR9.js	2026-10-10
Servizi-DPkkaJ6e.js	2026-10-08
Servizi-D_1MNIp3.js	2026-10-07
Servizi-DaUmvn9m.js	2026-10-10
Servizi-Ddoxhp_B.js	2026-10-07
Servizi-Ddv_bPVT.js	2026-10-08
Servizi-DexAOVqN.js	2026-10-08
Servizi-Df_3fTYc.js	2026-10-08
Servizi-Dh1e11OZ.js	2026-10-07
Servizi-DmF0iWVL.js	2026-10-07
Servizi-DmpYT9p7.js	2026-10-10
Servizi-DpJLbVWv.js	2026-10-10
Servizi-Dw1Y6BQy.js	2026-10-10
Servizi-Dzl8HWdQ.js	2026-10-07
Servizi-F6t9mWer.js	2026-10-07
Servizi-FUkA_a7R.js	2026-10-08
Servizi-LM5VfiGX.js	2026-10-09
Servizi-LrghqCld.js	2026-10-10
Servizi-OcUd_c88.js	2026-10-07
Servizi-OxZNwP2D.js	2026-10-08
Servizi-YkSivBhL.js	2026-10-07
Servizi-_Yh7Ic4F.js	2026-10-07
Servizi-g7FHvCGt.js	2026-10-09
Servizi-nOgj0FZj.js	2026-10-09
Servizi-o_vg-Ca6.js	2026-10-07
Servizi-ojAys3jl.js	2026-10-08
Servizi-p7fnpIe4.js	2026-10-07
Servizi-pL_Cu1Ep.js	2026-10-08
Servizi-pNkFgoXY.js	2026-10-08
Servizi-r9TYotnb.js	2026-10-08
Servizi-s4UxNEue.js	2026-10-08
Servizi-tsA8KGBS.js	2026-10-07
Servizi-uk3YavX7.js	2026-10-09
Servizi-wSrkn2vl.js	2026-10-09
Servizi-wtSdpWcB.js	2026-10-08
Servizi-xHfn88N4.js	2026-10-08
TabTaciti--3a-v9ez.js	2026-10-09
TabTaciti-4OkTFOIq.js	2026-10-07
TabTaciti-5zD9wpnZ.js	2026-10-07
TabTaciti-7zvRj31-.js	2026-10-10
TabTaciti-AKX3s-H2.js	2026-10-10
TabTaciti-B3O4atKA.js	2026-10-08
TabTaciti-B6wA1QLJ.js	2026-10-07
TabTaciti-B8xWMu68.js	2026-10-08
TabTaciti-B9CqkjQS.js	2026-10-07
TabTaciti-B9j92v_9.js	2026-10-07
TabTaciti-BBAtdcHH.js	2026-10-10
TabTaciti-BC0mRMIm.js	2026-10-10
TabTaciti-BD1ifknz.js	2026-10-07
TabTaciti-BENyucIn.js	2026-10-07
TabTaciti-BI82LdQk.js	2026-10-09
TabTaciti-BIP_lBxF.js	2026-10-07
TabTaciti-BKHbI7jj.js	2026-10-10
TabTaciti-BMvAV2fD.js	2026-10-09
TabTaciti-BOHP_4Y8.js	2026-10-08
TabTaciti-BPbIaAXH.js	2026-10-07
TabTaciti-BS87Tiw9.js	2026-10-09
TabTaciti-BSon9Zqs.js	2026-10-08
TabTaciti-BaZ-zoez.js	2026-10-07
TabTaciti-BbR_qxma.js	2026-10-07
TabTaciti-BfGIJsQ6.js	2026-10-08
TabTaciti-BfM0aY2r.js	2026-10-07
TabTaciti-Bg_iJswr.js	2026-10-08
TabTaciti-BkD7gMiA.js	2026-10-10
TabTaciti-Bm_PFxHd.js	2026-10-07
TabTaciti-BnAtI773.js	2026-10-09
TabTaciti-BpPFEMDP.js	2026-10-07
TabTaciti-BpXtqqpd.js	2026-10-08
TabTaciti-Bq2E4-IL.js	2026-10-08
TabTaciti-BsJoDqEc.js	2026-10-08
TabTaciti-BtcN43Fe.js	2026-10-07
TabTaciti-Buw_uFUG.js	2026-10-09
TabTaciti-ByJfMkhc.js	2026-10-07
TabTaciti-C3dii8Jm.js	2026-10-07
TabTaciti-C4tN6y2c.js	2026-10-10
TabTaciti-C54dZ_F-.js	2026-10-07
TabTaciti-CAPN90C3.js	2026-10-07
TabTaciti-CAz8IUv8.js	2026-10-08
TabTaciti-CCeuPhih.js	2026-10-08
TabTaciti-CFd2y8fJ.js	2026-10-08
TabTaciti-CKLLEeq8.js	2026-10-07
TabTaciti-CMbBeijD.js	2026-10-07
TabTaciti-CNNY_Wi4.js	2026-10-07
TabTaciti-CSobjOfb.js	2026-10-07
TabTaciti-CUgwamQS.js	2026-10-08
TabTaciti-CXaNrawM.js	2026-10-10
TabTaciti-CZOQWwWl.js	2026-10-08
TabTaciti-CZ_wBb9I.js	2026-10-07
TabTaciti-CZgZ__nX.js	2026-10-07
TabTaciti-CaurH90o.js	2026-10-07
TabTaciti-CfuNVHsD.js	2026-10-09
TabTaciti-Cq9jJEym.js	2026-10-08
TabTaciti-Cr53wmpe.js	2026-10-09
TabTaciti-CsHEQ9Za.js	2026-10-07
TabTaciti-D1KbrML4.js	2026-10-07
TabTaciti-D2ucyg6T.js	2026-10-07
TabTaciti-D3B89ptm.js	2026-10-09
TabTaciti-D6GEnMRS.js	2026-10-08
TabTaciti-D8qBczS2.js	2026-10-07
TabTaciti-D9KZTFEi.js	2026-10-07
TabTaciti-DBGl9tmY.js	2026-10-08
TabTaciti-DCJW6U--.js	2026-10-08
TabTaciti-DERMnlWe.js	2026-10-09
TabTaciti-DJ5L7yEu.js	2026-10-07
TabTaciti-DKaY_8Mq.js	2026-10-07
TabTaciti-DOBuB0Fy.js	2026-10-07
TabTaciti-DOZRg-Yb.js	2026-10-07
TabTaciti-DRNNEoK_.js	2026-10-09
TabTaciti-DSjs3Ski.js	2026-10-08
TabTaciti-DUODpAmk.js	2026-10-07
TabTaciti-DV7ooGZb.js	2026-10-07
TabTaciti-DWu7eU2K.js	2026-10-09
TabTaciti-DYGh-CI8.js	2026-10-07
TabTaciti-DckgIGaF.js	2026-10-08
TabTaciti-DjZ1o9mL.js	2026-10-07
TabTaciti-Djn2c741.js	2026-10-10
TabTaciti-DlVFB6z8.js	2026-10-10
TabTaciti-DlceFjnh.js	2026-10-08
TabTaciti-Dnwpbm3G.js	2026-10-08
TabTaciti-DzFVWGTE.js	2026-10-08
TabTaciti-LYR8N0VX.js	2026-10-07
TabTaciti-LfkhGPbe.js	2026-10-09
TabTaciti-MLvmK_j0.js	2026-10-07
TabTaciti-Mnpg390K.js	2026-10-07
TabTaciti-NwhXxCPO.js	2026-10-08
TabTaciti-R4v_fnzF.js	2026-10-07
TabTaciti-eUBkCDN5.js	2026-10-08
TabTaciti-jARf0taE.js	2026-10-07
TabTaciti-lJRE_CF9.js	2026-10-08
TabTaciti-liCMVCto.js	2026-10-07
TabTaciti-qhKEC44w.js	2026-10-09
TabTaciti-ug398ni_.js	2026-10-07
TabTaciti-vIradFg_.js	2026-10-09
TabTaciti-vt0nHJ5D.js	2026-10-08
VenditeSenzaAgente-1CGa4qEB.js	2026-10-07
VenditeSenzaAgente-2DjY-AQY.js	2026-10-07
VenditeSenzaAgente-2od_MVRo.js	2026-10-08
VenditeSenzaAgente-9MQVcu7D.js	2026-10-09
VenditeSenzaAgente-B5_3Gxcg.js	2026-10-08
VenditeSenzaAgente-B86Kxuw8.js	2026-10-08
VenditeSenzaAgente-B8MVnKyD.js	2026-10-07
VenditeSenzaAgente-BAu7-pRV.js	2026-10-07
VenditeSenzaAgente-BBUoP0Gx.js	2026-10-07
VenditeSenzaAgente-BE-9U2MR.js	2026-10-09
VenditeSenzaAgente-BF9yqCjE.js	2026-10-10
VenditeSenzaAgente-BFJRVXw4.js	2026-10-07
VenditeSenzaAgente-BG8Fl4zq.js	2026-10-07
VenditeSenzaAgente-BMAr2B-M.js	2026-10-09
VenditeSenzaAgente-BMEV6gfa.js	2026-10-09
VenditeSenzaAgente-BQThwp8c.js	2026-10-07
VenditeSenzaAgente-BX5m8k5P.js	2026-10-07
VenditeSenzaAgente-BXVBR5Zm.js	2026-10-08
VenditeSenzaAgente-BZau1-1C.js	2026-10-08
VenditeSenzaAgente-BbO0rAYW.js	2026-10-07
VenditeSenzaAgente-BfY7w9v6.js	2026-10-07
VenditeSenzaAgente-BhlSeCgb.js	2026-10-10
VenditeSenzaAgente-BjKRv6l4.js	2026-10-08
VenditeSenzaAgente-BlrikAxh.js	2026-10-08
VenditeSenzaAgente-BqXhSjb0.js	2026-10-07
VenditeSenzaAgente-BruOwRxf.js	2026-10-09
VenditeSenzaAgente-C-or_2Fa.js	2026-10-07
VenditeSenzaAgente-C2BJHhml.js	2026-10-08
VenditeSenzaAgente-C2WFNdMS.js	2026-10-07
VenditeSenzaAgente-C2ngJgAE.js	2026-10-07
VenditeSenzaAgente-C4NV0tEO.js	2026-10-08
VenditeSenzaAgente-C5m-bw2Z.js	2026-10-08
VenditeSenzaAgente-C6wbMFld.js	2026-10-07
VenditeSenzaAgente-C7-rD1ca.js	2026-10-07
VenditeSenzaAgente-C7up1Fx4.js	2026-10-07
VenditeSenzaAgente-C9_IdaN3.js	2026-10-09
VenditeSenzaAgente-CE2FBS4U.js	2026-10-07
VenditeSenzaAgente-CHfb9Wi5.js	2026-10-07
VenditeSenzaAgente-CHsVtHtc.js	2026-10-10
VenditeSenzaAgente-CJ6MhcJV.js	2026-10-07
VenditeSenzaAgente-CP0QsXNw.js	2026-10-08
VenditeSenzaAgente-CRONFqNk.js	2026-10-08
VenditeSenzaAgente-CRR3t3rr.js	2026-10-07
VenditeSenzaAgente-CRy3oHuN.js	2026-10-10
VenditeSenzaAgente-CVi351x6.js	2026-10-10
VenditeSenzaAgente-CWUd-Rv5.js	2026-10-08
VenditeSenzaAgente-CYzSHBYF.js	2026-10-09
VenditeSenzaAgente-CfS28jk3.js	2026-10-08
VenditeSenzaAgente-CkvqJTjV.js	2026-10-10
VenditeSenzaAgente-CmS_T8Y3.js	2026-10-08
VenditeSenzaAgente-CuV5WjXu.js	2026-10-09
VenditeSenzaAgente-CufeL69K.js	2026-10-10
VenditeSenzaAgente-Cy1A6tW5.js	2026-10-08
VenditeSenzaAgente-CyPqFGK1.js	2026-10-09
VenditeSenzaAgente-D0mtgCDn.js	2026-10-07
VenditeSenzaAgente-D1_LZ9L0.js	2026-10-07
VenditeSenzaAgente-D28cA44o.js	2026-10-07
VenditeSenzaAgente-D2Cye97-.js	2026-10-07
VenditeSenzaAgente-D3WVyECO.js	2026-10-10
VenditeSenzaAgente-D4zoa6A6.js	2026-10-09
VenditeSenzaAgente-D6O5jcdd.js	2026-10-08
VenditeSenzaAgente-D8HDJpSL.js	2026-10-09
VenditeSenzaAgente-D8lBehnE.js	2026-10-07
VenditeSenzaAgente-DASYCzcI.js	2026-10-07
VenditeSenzaAgente-DCequqix.js	2026-10-07
VenditeSenzaAgente-DFzOE8cZ.js	2026-10-10
VenditeSenzaAgente-DMEB-nkX.js	2026-10-08
VenditeSenzaAgente-DRd7g1X7.js	2026-10-07
VenditeSenzaAgente-DU7C-_Rc.js	2026-10-08
VenditeSenzaAgente-DVPJwPmC.js	2026-10-07
VenditeSenzaAgente-D_0siGty.js	2026-10-08
VenditeSenzaAgente-DcSfC6J8.js	2026-10-10
VenditeSenzaAgente-DgrF-w87.js	2026-10-09
VenditeSenzaAgente-Dj55dxEG.js	2026-10-07
VenditeSenzaAgente-DoLyB5nl.js	2026-10-08
VenditeSenzaAgente-Ds6y17z4.js	2026-10-07
VenditeSenzaAgente-DtY_QZSP.js	2026-10-08
VenditeSenzaAgente-Dv5nYH1s.js	2026-10-09
VenditeSenzaAgente-DyH5soUn.js	2026-10-07
VenditeSenzaAgente-DzfHc_Iw.js	2026-10-07
VenditeSenzaAgente-GISCcJza.js	2026-10-07
VenditeSenzaAgente-INs6Wspi.js	2026-10-08
VenditeSenzaAgente-LDM826WQ.js	2026-10-07
VenditeSenzaAgente-R7z1skgw.js	2026-10-07
VenditeSenzaAgente-Ri9pknpA.js	2026-10-09
VenditeSenzaAgente-Sgb3ffPH.js	2026-10-08
VenditeSenzaAgente-bOEGWpgR.js	2026-10-08
VenditeSenzaAgente-c5stQF8Q.js	2026-10-08
VenditeSenzaAgente-jC899A0p.js	2026-10-07
VenditeSenzaAgente-kKXqB3_8.js	2026-10-08
VenditeSenzaAgente-lhK_klD0.js	2026-10-07
VenditeSenzaAgente-lstua8b2.js	2026-10-07
VenditeSenzaAgente-ns7jBEct.js	2026-10-07
VenditeSenzaAgente-r8p7IY4S.js	2026-10-07
VenditeSenzaAgente-sR_HoDDd.js	2026-10-07
VenditeSenzaAgente-uMCgLZfr.js	2026-10-09
VenditeSenzaAgente-uoJ6_H0s.js	2026-10-07
VenditeSenzaAgente-zo8lVooA.js	2026-10-07
_commonjs-dynamic-modules-TDtrdbi3.js	2026-10-07
exceljs.min--o40UOcW.js	2026-10-07
exceljs.min-0HPr8ZdT.js	2026-10-07
exceljs.min-0KVU9xVz.js	2026-10-10
exceljs.min-4GidPUbx.js	2026-10-07
exceljs.min-7YZroG7v.js	2026-10-09
exceljs.min-9BRNhwH3.js	2026-10-07
exceljs.min-9QBIIasK.js	2026-10-09
exceljs.min-A307ElDy.js	2026-10-08
exceljs.min-B4YdZgBn.js	2026-10-07
exceljs.min-B8gg96T_.js	2026-10-08
exceljs.min-BATZeWeI.js	2026-10-08
exceljs.min-BDyuQJ4e.js	2026-10-07
exceljs.min-BEf5nMxn.js	2026-10-09
exceljs.min-BH17HpwR.js	2026-10-09
exceljs.min-BPRpxjvw.js	2026-10-08
exceljs.min-BTR0fkXS.js	2026-10-09
exceljs.min-B_a-cAsy.js	2026-10-10
exceljs.min-BaBsD2yb.js	2026-10-09
exceljs.min-BbQKSWxh.js	2026-10-08
exceljs.min-BcLr1wOI.js	2026-10-08
exceljs.min-BgEgUvbJ.js	2026-10-08
exceljs.min-BgxgbqWI.js	2026-10-07
exceljs.min-BhHYON8r.js	2026-10-08
exceljs.min-BhK3f5Hj.js	2026-10-07
exceljs.min-BmUtHdLZ.js	2026-10-07
exceljs.min-BwhXo2Ra.js	2026-10-08
exceljs.min-BxCA6_1B.js	2026-10-07
exceljs.min-BxPN1Opb.js	2026-10-07
exceljs.min-C0g_8Adq.js	2026-10-07
exceljs.min-C51m_m5R.js	2026-10-07
exceljs.min-C7qyMRaO.js	2026-10-07
exceljs.min-CCclCaTX.js	2026-10-07
exceljs.min-CCgtCGdA.js	2026-10-09
exceljs.min-CGi82TcJ.js	2026-10-08
exceljs.min-CGqKzK2m.js	2026-10-08
exceljs.min-CL4EuEwS.js	2026-10-07
exceljs.min-CMksCVyG.js	2026-10-08
exceljs.min-CQHS-mWI.js	2026-10-08
exceljs.min-CQV4nehx.js	2026-10-07
exceljs.min-CSMd7G_h.js	2026-10-07
exceljs.min-CU1ojFGG.js	2026-10-08
exceljs.min-CWr1pebz.js	2026-10-07
exceljs.min-CXYlZhRL.js	2026-10-07
exceljs.min-CYaZulrV.js	2026-10-10
exceljs.min-CYegDAoE.js	2026-10-07
exceljs.min-Caiw7T8p.js	2026-10-07
exceljs.min-Cb1UQaub.js	2026-10-07
exceljs.min-CbkwMOJl.js	2026-10-09
exceljs.min-CdCI74Gp.js	2026-10-09
exceljs.min-CegCH41e.js	2026-10-07
exceljs.min-CeuhX6_g.js	2026-10-08
exceljs.min-Cg11U20X.js	2026-10-09
exceljs.min-ChCV8snf.js	2026-10-10
exceljs.min-CisoVnw9.js	2026-10-08
exceljs.min-Cmew_Y4Z.js	2026-10-07
exceljs.min-Ct_iORZ0.js	2026-10-07
exceljs.min-D3k2FAcX.js	2026-10-08
exceljs.min-D9eWG3JJ.js	2026-10-10
exceljs.min-DDpXqUhC.js	2026-10-07
exceljs.min-DMYzuI1p.js	2026-10-07
exceljs.min-DMhqmr1n.js	2026-10-10
exceljs.min-DNwm0-vt.js	2026-10-07
exceljs.min-DOwPxSqq.js	2026-10-07
exceljs.min-DPIYL3-X.js	2026-10-07
exceljs.min-DRwU-Ed_.js	2026-10-08
exceljs.min-DVYbynbE.js	2026-10-07
exceljs.min-DXdVecu1.js	2026-10-08
exceljs.min-D_3Z3kPs.js	2026-10-07
exceljs.min-Da5UrtiN.js	2026-10-08
exceljs.min-DhvproCo.js	2026-10-08
exceljs.min-DkhvbWdm.js	2026-10-10
exceljs.min-DoC85Ymc.js	2026-10-09
exceljs.min-DufrtrPN.js	2026-10-08
exceljs.min-DxNlJTWQ.js	2026-10-08
exceljs.min-DzPwa8PC.js	2026-10-10
exceljs.min-EdzwOp4r.js	2026-10-10
exceljs.min-IUyb5cJq.js	2026-10-10
exceljs.min-Iry5Oven.js	2026-10-09
exceljs.min-QBobSsD7.js	2026-10-07
exceljs.min-QnXKEBZp.js	2026-10-07
exceljs.min-QqkmLEwN.js	2026-10-08
exceljs.min-REQzcGgf.js	2026-10-07
exceljs.min-RSk2YSN2.js	2026-10-07
exceljs.min-V-TIdBw0.js	2026-10-08
exceljs.min-VNA02ZWu.js	2026-10-07
exceljs.min-Vp84uqXo.js	2026-10-07
exceljs.min-VyOMEQSl.js	2026-10-07
exceljs.min-ch-SRPUt.js	2026-10-07
exceljs.min-e3xOLbsy.js	2026-10-09
exceljs.min-gDFz61VD.js	2026-10-08
exceljs.min-lv8hVPGy.js	2026-10-08
exceljs.min-q4VtE61e.js	2026-10-09
exceljs.min-r3wk0rRD.js	2026-10-07
exceljs.min-r_zdDouF.js	2026-10-07
exceljs.min-tC_4Mcph.js	2026-10-07
exceljs.min-vQ1cubcS.js	2026-10-09
exceljs.min-z_L_LQcH.js	2026-10-07
genera--wMAXRfS.js	2026-10-07
genera-5tSXYfv2.js	2026-10-08
genera-9Euks080.js	2026-10-10
genera-9aVLK8Bf.js	2026-10-10
genera-B4iZqt2t.js	2026-10-07
genera-B6A0bt4c.js	2026-10-10
genera-BGiazQ8C.js	2026-10-09
genera-BRVfGQ7g.js	2026-10-08
genera-BViFRTkn.js	2026-10-07
genera-BW4kSKLF.js	2026-10-07
genera-BXx8enPK.js	2026-10-07
genera-BZZDEGr6.js	2026-10-07
genera-BcIEkcBs.js	2026-10-07
genera-BelcfXT7.js	2026-10-07
genera-Bf780d1v.js	2026-10-07
genera-BhxKiALb.js	2026-10-09
genera-BnAgnU8e.js	2026-10-08
genera-BogfKXz-.js	2026-10-07
genera-Burwma_p.js	2026-10-09
genera-Bvq_QFHn.js	2026-10-07
genera-BvvXRXx4.js	2026-10-08
genera-BvyU_87F.js	2026-10-07
genera-Bwvqf8vK.js	2026-10-07
genera-ByzlJHJ-.js	2026-10-07
genera-C0DiAnbD.js	2026-10-09
genera-C0UJMrTZ.js	2026-10-07
genera-C7IUyahN.js	2026-10-07
genera-CBDZvG3o.js	2026-10-07
genera-CBvM1KUd.js	2026-10-07
genera-CCLoLf0t.js	2026-10-09
genera-CEn7Xfo_.js	2026-10-07
genera-CFUsUfDW.js	2026-10-10
genera-CHjPv26j.js	2026-10-09
genera-CMNzWU0R.js	2026-10-07
genera-CPN5k0HW.js	2026-10-07
genera-CQXC3b_r.js	2026-10-08
genera-CRstvkBx.js	2026-10-10
genera-CX61DTrC.js	2026-10-10
genera-CXd-M-ly.js	2026-10-08
genera-CZzeXzjL.js	2026-10-08
genera-C_iMlrYm.js	2026-10-07
genera-Ce9bmpDq.js	2026-10-08
genera-Chp3_VKa.js	2026-10-08
genera-ChsaeTMv.js	2026-10-07
genera-CinLzATE.js	2026-10-07
genera-Cl12-qgO.js	2026-10-07
genera-CrbzBa8y.js	2026-10-08
genera-CwLfOobw.js	2026-10-08
genera-Cw_7uxXf.js	2026-10-08
genera-Cx3jkVJY.js	2026-10-08
genera-CxHwimD8.js	2026-10-08
genera-CxLiqT7M.js	2026-10-07
genera-CzG1qvAj.js	2026-10-08
genera-D09VH2Ne.js	2026-10-08
genera-D1GVj7zU.js	2026-10-10
genera-D2Pu9N8K.js	2026-10-08
genera-D6uMkdi9.js	2026-10-07
genera-D7FNm1og.js	2026-10-07
genera-D8oksSI0.js	2026-10-08
genera-DCFhluCG.js	2026-10-10
genera-DEWP1LOS.js	2026-10-08
genera-DJPIoKmg.js	2026-10-07
genera-DKolc3h2.js	2026-10-07
genera-DOsp51ms.js	2026-10-07
genera-DP5EAOQU.js	2026-10-09
genera-DPRTAomd.js	2026-10-09
genera-DXbF6Bno.js	2026-10-09
genera-DZnyuqMr.js	2026-10-08
genera-DZo75Qo6.js	2026-10-09
genera-DeWizEux.js	2026-10-08
genera-Dg8Uln8i.js	2026-10-07
genera-DgiBBVEJ.js	2026-10-07
genera-Di1utvXS.js	2026-10-09
genera-DjvRjcUm.js	2026-10-10
genera-DqGNmnQN.js	2026-10-07
genera-DvPHT9hH.js	2026-10-09
genera-DvrJcojF.js	2026-10-09
genera-FVgQTvr0.js	2026-10-07
genera-Foo63Xeg.js	2026-10-08
genera-Fq5Ua3hR.js	2026-10-09
genera-HIPmj-R-.js	2026-10-07
genera-HxyyvJpk.js	2026-10-07
genera-IBLOl0Vr.js	2026-10-07
genera-N31GpuuR.js	2026-10-07
genera-O7ZMJZb9.js	2026-10-07
genera-OPQZI3HQ.js	2026-10-08
genera-UMZty-0h.js	2026-10-08
genera-UcBs7fXh.js	2026-10-10
genera-brKt96yE.js	2026-10-08
genera-c9JXC5xU.js	2026-10-07
genera-crgkUn_b.js	2026-10-08
genera-e7Q5VkZF.js	2026-10-07
genera-fotqTsWc.js	2026-10-08
genera-lo_3ahYO.js	2026-10-07
genera-puOK4wIm.js	2026-10-07
genera-sbtnP33c.js	2026-10-07
genera-sd6hFgC9.js	2026-10-09
genera-tDL6s8Ii.js	2026-10-07
index--FOM5Rns.js	2026-10-08
index--QWDlvVi.js	2026-10-07
index-1_-Q2QU9.js	2026-10-09
index-1_SuP4gy.js	2026-10-09
index-3unaxMG9.js	2026-10-10
index-4dsNDh5Q.js	2026-10-10
index-9yEnjuFi.js	2026-10-07
index-Aj-KTkii.js	2026-10-07
index-AoV7Jy27.css	2026-10-07
index-B-ON92FP.js	2026-10-08
index-B-w7Uzm6.js	2026-10-07
index-B0EEDJte.js	2026-10-07
index-B1C7JxA-.js	2026-10-09
index-B1oUYuRm.js	2026-10-10
index-B4OiXNtS.js	2026-10-08
index-B6GBIdpv.js	2026-10-09
index-B6cJ206Z.css	2026-10-07
index-B9L2htBE.js	2026-10-08
index-B9aiSTvr.js	2026-10-08
index-BAWZeVZ0.css	2026-10-07
index-BB7jyvn4.js	2026-10-09
index-BBySMjFj.js	2026-10-07
index-BDSp2Kf_.js	2026-10-08
index-BDsmTSK9.js	2026-10-07
index-BFplt7FL.js	2026-10-09
index-BH6Bwzoq.js	2026-10-08
index-BH_KkazQ.js	2026-10-07
index-BHjJUqyJ.js	2026-10-07
index-BHt5IQ9Q.js	2026-10-09
index-BIYtqWyl.js	2026-10-08
index-BJYiU0vM.js	2026-10-07
index-BMLY4Tex.js	2026-10-09
index-BN5b5CVm.js	2026-10-08
index-BNeh8IqY.css	2026-10-07
index-BUcZnYK3.js	2026-10-07
index-BVCHXZGD.js	2026-10-10
index-BXrsjAfu.css	2026-10-08
index-BYQdaC9I.css	2026-10-07
index-Ba2OWtBt.js	2026-10-09
index-BbCPiWZ0.js	2026-10-07
index-BdZkiPXw.js	2026-10-08
index-Bk3Ii9JQ.js	2026-10-07
index-BkeF7jmt.js	2026-10-09
index-Bl7uZ4CQ.js	2026-10-07
index-Bm13tb4h.js	2026-10-10
index-BmDvcxIR.js	2026-10-09
index-BmIv_oXO.js	2026-10-07
index-Bo6_vl01.js	2026-10-08
index-BoAd9JJi.css	2026-10-07
index-Bpqycrmo.css	2026-10-09
index-BsP4yNfy.js	2026-10-09
index-BuNs8trw.js	2026-10-07
index-Bv-2Tywa.css	2026-10-07
index-Bwy3m-Z8.js	2026-10-07
index-BxHGHsZf.js	2026-10-07
index-ByiMVpKg.js	2026-10-07
index-C-0v-3zr.js	2026-10-08
index-C11F9_BG.js	2026-10-07
index-C1_ltYOB.js	2026-10-09
index-C4yEDcAH.css	2026-10-08
index-C5BzMjpY.css	2026-10-09
index-C5vd8CDu.js	2026-10-07
index-C67xbOlE.js	2026-10-09
index-C6oBdCtp.js	2026-10-07
index-C87hKSsT.js	2026-10-10
index-C89xR21N.js	2026-10-08
index-C8zmVB1-.js	2026-10-09
index-CBzX39Rg.js	2026-10-07
index-CCTdrkd5.js	2026-10-07
index-CCV52wsP.js	2026-10-08
index-CCV8eFud.js	2026-10-07
index-CCmMG_l8.css	2026-10-08
index-CGXHQmi3.js	2026-10-07
index-CGt066XI.js	2026-10-07
index-CHEvS_6e.js	2026-10-10
index-CHeMe--X.js	2026-10-07
index-CJc4IEWr.js	2026-10-10
index-CKagY0Xh.js	2026-10-07
index-CKmhLbi-.js	2026-10-07
index-CMBzGrGI.js	2026-10-07
index-CPeMlpDh.js	2026-10-08
index-CRJUfNk_.js	2026-10-08
index-CSw14Q8T.js	2026-10-07
index-CTH4JXS0.js	2026-10-09
index-CVURaAD4.js	2026-10-07
index-CW9huVnx.css	2026-10-07
index-CWzCAp-A.js	2026-10-08
index-CXFG7D6C.js	2026-10-08
index-CY5edwQ5.js	2026-10-08
index-CYJiWYkF.js	2026-10-08
index-CYmZTs_y.js	2026-10-10
index-CYno8lwk.js	2026-10-09
index-CZY07AVF.js	2026-10-09
index-CZkMLvU0.js	2026-10-07
index-C_FBch9P.js	2026-10-08
index-C_oGOnZ0.js	2026-10-07
index-C_sXkowW.js	2026-10-08
index-Ca8xq_9W.js	2026-10-08
index-CahetrRc.js	2026-10-10
index-Cb_7pVHT.js	2026-10-08
index-CboZWOZr.js	2026-10-07
index-CcELom3h.css	2026-10-07
index-CcRx2BjX.js	2026-10-07
index-CeWm2oMs.js	2026-10-08
index-Cer7D-_5.js	2026-10-07
index-Cg8uZR__.css	2026-10-07
index-CgEIs7BL.js	2026-10-07
index-CgMfTTdb.js	2026-10-08
index-CgNVs_3j.js	2026-10-07
index-Cm1-Oje4.js	2026-10-07
index-CnY8yCBd.js	2026-10-07
index-Co3MF2Xv.css	2026-10-08
index-CpICylQw.js	2026-10-07
index-CqDFojZs.js	2026-10-08
index-Cqub1sxF.js	2026-10-10
index-CqzFoOrr.js	2026-10-09
index-CruBZalg.css	2026-10-07
index-CtcPeAsX.js	2026-10-07
index-CvwEhNMk.js	2026-10-08
index-Cw8RDxuo.js	2026-10-08
index-CxJamzOM.js	2026-10-07
index-CzUVaFzb.js	2026-10-08
index-D-VaeAcT.js	2026-10-07
index-D0IyfKuR.js	2026-10-08
index-D2CXeIaZ.js	2026-10-09
index-D2UwG1Xa.js	2026-10-07
index-D3Pq4GOh.js	2026-10-08
index-D3iwvBG4.js	2026-10-09
index-D54GQMu2.js	2026-10-07
index-D6Me7JLm.css	2026-10-10
index-D6yvdkfq.js	2026-10-07
index-D79d3N_R.js	2026-10-07
index-D83q8X-b.js	2026-10-09
index-D83yvVJ7.js	2026-10-10
index-D8BtqJdI.js	2026-10-09
index-D9Pncazc.js	2026-10-09
index-DAF6a_Bu.js	2026-10-07
index-DAvolPsk.js	2026-10-07
index-DEOkNezu.js	2026-10-08
index-DH7dEXb4.js	2026-10-08
index-DJWWf923.js	2026-10-07
index-DKRh5Aue.js	2026-10-07
index-DL-__CPm.js	2026-10-08
index-DMCQ0P6c.css	2026-10-07
index-DMvP_nzF.js	2026-10-08
index-DNsE2rtq.js	2026-10-07
index-DPWhTkJP.js	2026-10-08
index-DQtb-dBj.js	2026-10-07
index-DQyGi3Ah.js	2026-10-09
index-DRGgNJtS.js	2026-10-07
index-DRLPHDMk.js	2026-10-08
index-DSK40Ke3.css	2026-10-08
index-DSgcFRRW.js	2026-10-08
index-DTyy-0eC.js	2026-10-08
index-DUdWPEtm.js	2026-10-10
index-DVSdCplX.js	2026-10-07
index-DW-3MZ_U.js	2026-10-07
index-DYZJT3HK.js	2026-10-07
index-DYoraRYa.js	2026-10-07
index-DaqLM-lc.js	2026-10-07
index-DbGqBc_C.css	2026-10-08
index-DbrYuVVK.js	2026-10-09
index-DcNxZTT3.js	2026-10-09
index-DeZdjent.js	2026-10-07
index-DedpS2MQ.js	2026-10-07
index-DfLL593i.js	2026-10-07
index-DgBO4pwU.css	2026-10-07
index-DgmuXptF.js	2026-10-07
index-DhKt_lqX.js	2026-10-10
index-DhzgOjD8.js	2026-10-07
index-Di6lZkYq.js	2026-10-10
index-DiiDYt_Q.js	2026-10-07
index-Dkwn5ynP.js	2026-10-07
index-Dtq0-aOg.js	2026-10-07
index-DuiQ3lq3.js	2026-10-07
index-DutJ41Ke.js	2026-10-07
index-Dx6ITxm8.css	2026-10-07
index-DyTyiy6K.js	2026-10-07
index-KPL6Xahj.js	2026-10-07
index-KzJ5eO43.js	2026-10-08
index-LadFss_2.js	2026-10-07
index-LjTHYCCR.js	2026-10-07
index-LmokO_tH.js	2026-10-07
index-M-jflTFr.js	2026-10-09
index-ND4A0Irq.js	2026-10-08
index-OEB5TPqk.js	2026-10-10
index-OeYk7i-S.js	2026-10-07
index-Q2zFcXtG.js	2026-10-07
index-Q3YOSKRG.js	2026-10-08
index-QWvJbXJ0.js	2026-10-07
index-U-FEyg0L.js	2026-10-08
index-USMLreno.js	2026-10-08
index-VgGJG5dF.js	2026-10-10
index-W5asLg7M.js	2026-10-09
index-WlZOuVHi.js	2026-10-08
index-_lu358w3.js	2026-10-07
index-byeVEo0h.js	2026-10-08
index-dYaro0Gf.js	2026-10-08
index-eYXNRPAM.js	2026-10-07
index-g9LtEUfT.js	2026-10-08
index-gGN-LALB.js	2026-10-07
index-gPhOAv9X.js	2026-10-07
index-iK98-d9L.js	2026-10-07
index-igQcp5jg.js	2026-10-08
index-kNtWIWQ7.js	2026-10-07
index-lbHG2MZq.js	2026-10-08
index-ldZsDNH-.js	2026-10-10
index-mYGpqR8g.js	2026-10-07
index-nho_E0Xx.js	2026-10-08
index-qo2TAwW-.js	2026-10-07
index-qteDV8hn.js	2026-10-10
index-qwnsDd1_.js	2026-10-10
index-r6ujAgtV.js	2026-10-08
index-sIWxIaxT.css	2026-10-07
index-vFWxMdcU.js	2026-10-07
index-vkMbbADG.css	2026-10-07
index-vykDSoLO.css	2026-10-07
index-w2nucVhs.js	2026-10-07
index-wPdoCR7k.js	2026-10-07
index-xVNJFQic.js	2026-10-08
index-y2hIgSJF.js	2026-10-09
index-yI8sXO8q.js	2026-10-07
marketing--rVFG9gY.js	2026-10-08
marketing-0O8cABPQ.js	2026-10-10
marketing-0U5AmkFS.js	2026-10-07
marketing-1LvtiTV9.js	2026-10-07
marketing-1b6MI8c1.js	2026-10-10
marketing-2Rppqjvs.js	2026-10-08
marketing-8BHi3gD_.js	2026-10-07
marketing-8OlVB3Fp.js	2026-10-08
marketing-AUN3W4lZ.js	2026-10-07
marketing-B9LNay8L.js	2026-10-07
marketing-BDdDnmYE.js	2026-10-07
marketing-BGWrdnua.js	2026-10-09
marketing-BGcxmoA0.js	2026-10-07
marketing-BGo9SA1Z.js	2026-10-07
marketing-BLQzU7Xe.js	2026-10-07
marketing-BMDBLmk5.js	2026-10-08
marketing-BQR1Mp07.js	2026-10-08
marketing-BSrV9Hsb.js	2026-10-07
marketing-BUVdbA1A.js	2026-10-09
marketing-BYbv_QOT.js	2026-10-08
marketing-BZJVGAeh.js	2026-10-09
marketing-BdfIvC_3.js	2026-10-07
marketing-BhrMYyAA.js	2026-10-07
marketing-BjGW3pFW.js	2026-10-08
marketing-BkY9exJM.js	2026-10-09
marketing-Bm9tG1dR.js	2026-10-07
marketing-Bqs2RBqy.js	2026-10-08
marketing-Br1G7pVR.js	2026-10-08
marketing-BtVSIMr6.js	2026-10-08
marketing-C-tDRO8N.js	2026-10-08
marketing-C-x2BQIv.js	2026-10-07
marketing-C0OLBLqK.js	2026-10-07
marketing-C12KTc1g.js	2026-10-07
marketing-C1_p4Z-5.js	2026-10-07
marketing-C23sNfTz.js	2026-10-07
marketing-C5BLEMDu.js	2026-10-08
marketing-C7TvyNWj.js	2026-10-08
marketing-C8Glr5wA.js	2026-10-07
marketing-C8XPZOzl.js	2026-10-07
marketing-CDyXFyS4.js	2026-10-10
marketing-CF-0jYlh.js	2026-10-08
marketing-CJ_r1NEH.js	2026-10-10
marketing-CLakQ5NQ.js	2026-10-08
marketing-CLq_6l_L.js	2026-10-07
marketing-CMGXu7Fg.js	2026-10-07
marketing-COASJAr9.js	2026-10-07
marketing-CQfYI5xA.js	2026-10-09
marketing-CTgTvSWo.js	2026-10-08
marketing-CVmkGGLn.js	2026-10-08
marketing-CYkx_Br1.js	2026-10-10
marketing-C_K-RzZB.js	2026-10-07
marketing-Ca08-QSz.js	2026-10-08
marketing-CaNd6jX_.js	2026-10-07
marketing-Cg2W1QuN.js	2026-10-07
marketing-CldQdzOr.js	2026-10-08
marketing-Cluldit7.js	2026-10-07
marketing-CptmgehQ.js	2026-10-08
marketing-CrZ65Hsd.js	2026-10-09
marketing-CuiCh4m7.js	2026-10-07
marketing-D0ZPvaBZ.js	2026-10-09
marketing-D2fTg-QX.js	2026-10-07
marketing-D3SpijT6.js	2026-10-10
marketing-D4H-0HsU.js	2026-10-07
marketing-D5zM5rc8.js	2026-10-08
marketing-D8eQvU4m.js	2026-10-08
marketing-D9ihA6JW.js	2026-10-07
marketing-DFFfQ-RW.js	2026-10-10
marketing-DI75l0jD.js	2026-10-07
marketing-DLuq1Uoi.js	2026-10-10
marketing-DOuaqyol.js	2026-10-08
marketing-DTKAv-TH.js	2026-10-09
marketing-Da23rnyM.js	2026-10-07
marketing-DaYNbo8b.js	2026-10-07
marketing-Dc3xiWQx.js	2026-10-07
marketing-DdumYEPd.js	2026-10-10
marketing-DfDKhn9Y.js	2026-10-07
marketing-DkbGnBmU.js	2026-10-07
marketing-DnEOyjh8.js	2026-10-08
marketing-Duc-uOYE.js	2026-10-08
marketing-DvZtAa1_.js	2026-10-08
marketing-GJ6OfAmz.js	2026-10-09
marketing-HOQosVhS.js	2026-10-07
marketing-JGq85voD.js	2026-10-07
marketing-KY1sXA9e.js	2026-10-09
marketing-ManYxWod.js	2026-10-09
marketing-NNEkdTcr.js	2026-10-09
marketing-Phf-dLX8.js	2026-10-07
marketing-S93ZvcAm.js	2026-10-08
marketing-T4rhA_5s.js	2026-10-10
marketing-XZ9rZCsn.js	2026-10-07
marketing-eYqfgkyT.js	2026-10-07
marketing-iYFMCfjs.js	2026-10-09
marketing-mkSiT4X1.js	2026-10-09
marketing-uRygA87m.js	2026-10-07
marketing-wAMWrksc.js	2026-10-07
marketing-xBp-4T0s.js	2026-10-07
marketing-yEjJoEmT.js	2026-10-07
marketing-z47XneRH.js	2026-10-09
martini-uwhPhoev.js	2026-10-10
pesoCommerciale-0P0Ko1DF.js	2026-10-08
pesoCommerciale-3S1qZ7yw.js	2026-10-07
pesoCommerciale-B-2mJe7o.js	2026-10-07
pesoCommerciale-B43aHGiY.js	2026-10-07
pesoCommerciale-BFoeiEOt.js	2026-10-08
pesoCommerciale-BGmLsICX.js	2026-10-10
pesoCommerciale-BH8UMsj_.js	2026-10-10
pesoCommerciale-BHln76Pg.js	2026-10-07
pesoCommerciale-BJimcDHP.js	2026-10-09
pesoCommerciale-BMdLOaRj.js	2026-10-08
pesoCommerciale-BNaY77Fo.js	2026-10-08
pesoCommerciale-BSMSD4ux.js	2026-10-07
pesoCommerciale-BTYpsHfC.js	2026-10-08
pesoCommerciale-BW3Pg-uL.js	2026-10-07
pesoCommerciale-BWmXS_x7.js	2026-10-10
pesoCommerciale-BYXtP73u.js	2026-10-07
pesoCommerciale-BZ4nGslt.js	2026-10-07
pesoCommerciale-BZShhDgi.js	2026-10-07
pesoCommerciale-BaTEbe1Z.js	2026-10-07
pesoCommerciale-BaopMeIB.js	2026-10-07
pesoCommerciale-BcsfhZEN.js	2026-10-07
pesoCommerciale-BgTUBJ3D.js	2026-10-08
pesoCommerciale-BicquCQ8.js	2026-10-07
pesoCommerciale-Bkh3u86w.js	2026-10-07
pesoCommerciale-BlAhlk7R.js	2026-10-09
pesoCommerciale-BlpS1H4k.js	2026-10-08
pesoCommerciale-BmSuvhos.js	2026-10-08
pesoCommerciale-BnvSTJoP.js	2026-10-08
pesoCommerciale-BpUgfkQi.js	2026-10-09
pesoCommerciale-BxY-lKHb.js	2026-10-07
pesoCommerciale-ByDiXCWS.js	2026-10-08
pesoCommerciale-Bybwl-1f.js	2026-10-08
pesoCommerciale-BypYQWYs.js	2026-10-07
pesoCommerciale-C-Bya8Qi.js	2026-10-07
pesoCommerciale-C1Mb37Ov.js	2026-10-09
pesoCommerciale-C4sa1WFb.js	2026-10-07
pesoCommerciale-C5xfsZwb.js	2026-10-09
pesoCommerciale-C6OiUB5y.js	2026-10-10
pesoCommerciale-CBBk-MaX.js	2026-10-07
pesoCommerciale-CF3IJfoi.js	2026-10-09
pesoCommerciale-COjBYBpC.js	2026-10-07
pesoCommerciale-CS1n2v87.js	2026-10-09
pesoCommerciale-CYGO9LOd.js	2026-10-07
pesoCommerciale-CYv0s2bX.js	2026-10-07
pesoCommerciale-CdDEGFDo.js	2026-10-07
pesoCommerciale-CfRg6efI.js	2026-10-08
pesoCommerciale-CiOqLdgW.js	2026-10-07
pesoCommerciale-CirNnZNj.js	2026-10-09
pesoCommerciale-ClA-l1Jy.js	2026-10-07
pesoCommerciale-Cr0xc_dX.js	2026-10-09
pesoCommerciale-Cr4_EK1z.js	2026-10-07
pesoCommerciale-Crzp4F3j.js	2026-10-08
pesoCommerciale-Cu0HRYa-.js	2026-10-07
pesoCommerciale-Cv_nT1oY.js	2026-10-09
pesoCommerciale-Cw8roECO.js	2026-10-07
pesoCommerciale-CzLNIsQC.js	2026-10-07
pesoCommerciale-D0ZcHdTP.js	2026-10-08
pesoCommerciale-D0nTy7ou.js	2026-10-07
pesoCommerciale-D2-z7_jl.js	2026-10-07
pesoCommerciale-D4Tr2ib1.js	2026-10-09
pesoCommerciale-D4ndYR_f.js	2026-10-07
pesoCommerciale-D54LJqau.js	2026-10-10
pesoCommerciale-D8TG5dqP.js	2026-10-07
pesoCommerciale-D8f29gEc.js	2026-10-07
pesoCommerciale-D9UqL2EM.js	2026-10-08
pesoCommerciale-DBykUo05.js	2026-10-08
pesoCommerciale-DCGvbSIM.js	2026-10-08
pesoCommerciale-DCIbduU9.js	2026-10-08
pesoCommerciale-DHC6FmXI.js	2026-10-07
pesoCommerciale-DIafocU6.js	2026-10-08
pesoCommerciale-DIov56Te.js	2026-10-10
pesoCommerciale-DKV0fe_W.js	2026-10-09
pesoCommerciale-DPfXFNob.js	2026-10-07
pesoCommerciale-DTokfd3E.js	2026-10-07
pesoCommerciale-DUfXWFqS.js	2026-10-10
pesoCommerciale-DVJdt6D_.js	2026-10-08
pesoCommerciale-DXljEVwA.js	2026-10-08
pesoCommerciale-Dc0Dl1Dm.js	2026-10-09
pesoCommerciale-Dlwi4R17.js	2026-10-08
pesoCommerciale-DpjyFful.js	2026-10-07
pesoCommerciale-Duf7AOQ6.js	2026-10-08
pesoCommerciale-DxSJgJrp.js	2026-10-07
pesoCommerciale-FoeGfkgL.js	2026-10-07
pesoCommerciale-GWusRtFC.js	2026-10-08
pesoCommerciale-HE2EADT0.js	2026-10-07
pesoCommerciale-I7RRoCZy.js	2026-10-10
pesoCommerciale-L7qM-uY6.js	2026-10-07
pesoCommerciale-Sn4hZb1M.js	2026-10-10
pesoCommerciale-Z8Ybo7ve.js	2026-10-08
pesoCommerciale-_SkOSubE.js	2026-10-07
pesoCommerciale-adiy73e8.js	2026-10-09
pesoCommerciale-bNgZaGzT.js	2026-10-09
pesoCommerciale-br5QvX35.js	2026-10-07
pesoCommerciale-eeA1recY.js	2026-10-10
pesoCommerciale-hUoedkGz.js	2026-10-08
pesoCommerciale-nuH-_1aY.js	2026-10-07
pesoCommerciale-osfjRUOE.js	2026-10-08
pesoCommerciale-ulWikoxK.js	2026-10-07
servizi-2fZ2PM5V.js	2026-10-08
servizi-46BBmEnZ.js	2026-10-09
servizi-6c8AeEJi.js	2026-10-09
servizi-B1XsYAUZ.js	2026-10-07
servizi-B5I4dQg9.js	2026-10-07
servizi-B8JkF5EU.js	2026-10-08
servizi-BAevP5cY.js	2026-10-08
servizi-BFPZsxzI.js	2026-10-08
servizi-BK3bYSWT.js	2026-10-08
servizi-BL646G9x.js	2026-10-08
servizi-BNZ-JWUw.js	2026-10-09
servizi-BPyiWOad.js	2026-10-08
servizi-BRFnxNJi.js	2026-10-07
servizi-BSOawNKn.js	2026-10-09
servizi-BVm7PQSS.js	2026-10-07
servizi-B_fBhhEF.js	2026-10-07
servizi-BgTvLxsO.js	2026-10-07
servizi-BmXyImg8.js	2026-10-07
servizi-BpcR-afn.js	2026-10-10
servizi-BpdSMSLS.js	2026-10-07
servizi-Bva6WP8x.js	2026-10-07
servizi-BxPoJZ2V.js	2026-10-07
servizi-BxzQJ2HW.js	2026-10-08
servizi-C-_dfC0R.js	2026-10-10
servizi-C113qPvJ.js	2026-10-08
servizi-C1_CyWQv.js	2026-10-08
servizi-C31v1Qsv.js	2026-10-09
servizi-C3OzZC0I.js	2026-10-07
servizi-C4_UDqnj.js	2026-10-09
servizi-C6PDxqLp.js	2026-10-07
servizi-C6z8NWMV.js	2026-10-10
servizi-C90ajnJX.js	2026-10-07
servizi-CB_c0QgW.js	2026-10-07
servizi-CE3PT2jl.js	2026-10-08
servizi-CNow89a_.js	2026-10-08
servizi-CQSXkxJp.js	2026-10-07
servizi-CSe-sWvT.js	2026-10-08
servizi-CTBD6H9X.js	2026-10-09
servizi-CUgkHFYy.js	2026-10-07
servizi-CWv017EV.js	2026-10-07
servizi-CXwJu41h.js	2026-10-07
servizi-CY-IOCmJ.js	2026-10-09
servizi-CYONvsrn.js	2026-10-08
servizi-CYyMqP99.js	2026-10-07
servizi-C_Is6VNc.js	2026-10-10
servizi-CeLwQ3Fk.js	2026-10-10
servizi-CeQHtiOX.js	2026-10-07
servizi-CfBEzrto.js	2026-10-07
servizi-CiL0mFX6.js	2026-10-10
servizi-CjRk6xqb.js	2026-10-09
servizi-D5dFKw0u.js	2026-10-09
servizi-D9zIppqC.js	2026-10-07
servizi-DDwepmuh.js	2026-10-07
servizi-DF5W6KO1.js	2026-10-07
servizi-DFPNzbwU.js	2026-10-08
servizi-DGhUlRnt.js	2026-10-09
servizi-DMTlRcmv.js	2026-10-08
servizi-DOuVbJn2.js	2026-10-09
servizi-DPzrE9VR.js	2026-10-07
servizi-DRld_png.js	2026-10-08
servizi-DVWfLroQ.js	2026-10-08
servizi-DXA1V5z9.js	2026-10-07
servizi-DaqiTclI.js	2026-10-07
servizi-DazT-ujI.js	2026-10-07
servizi-DbSt_kxo.js	2026-10-07
servizi-DbxyPjXa.js	2026-10-07
servizi-Dcj6DshN.js	2026-10-08
servizi-DctQHgZ2.js	2026-10-09
servizi-Dip3l4Vv.js	2026-10-08
servizi-DkYg8_9B.js	2026-10-07
servizi-Dn42zNfr.js	2026-10-07
servizi-DnNav5-R.js	2026-10-09
servizi-DwjyA08B.js	2026-10-07
servizi-Dx8Ug5S0.js	2026-10-08
servizi-DyhzWlrC.js	2026-10-07
servizi-LdL8Jwv8.js	2026-10-07
servizi-M7TWLO3O.js	2026-10-07
servizi-MFNYwKJO.js	2026-10-07
servizi-MnNbQKxi.js	2026-10-08
servizi-QI-JA2pe.js	2026-10-07
servizi-QZXzHvOT.js	2026-10-07
servizi-ZnYQf3Nl.js	2026-10-08
servizi-bvA98YIT.js	2026-10-10
servizi-flYbi4Mx.js	2026-10-07
servizi-ggmILHuc.js	2026-10-07
servizi-h5-d2YE_.js	2026-10-10
servizi-jDID8Wxr.js	2026-10-08
servizi-kLsWMoQO.js	2026-10-07
servizi-o89pCMyJ.js	2026-10-07
servizi-oGd12u_Y.js	2026-10-08
servizi-rVJuH1Tg.js	2026-10-07
servizi-r_C3M8QR.js	2026-10-07
servizi-reV69V20.js	2026-10-07
servizi-rvdGIMLT.js	2026-10-08
servizi-sZsWd-lM.js	2026-10-10
servizi-t2Nu4M4K.js	2026-10-08
servizi-vmRMFUs3.js	2026-10-09
servizi-w-mHHSMz.js	2026-10-10
tacitiRete-CXkNXrlv.js	2026-10-10
toscana-comuni-Dr7MEQB4.js	2026-10-10
toscana-province-BAnBJla5.js	2026-10-10
xlsxLeggi-D9-pwGTK.js	2026-10-10
